,timestamps,gh:Module Power Socket 0,gh:Grace Power Socket 0,gh:CPU Power Socket 0,gh:SysIO Power Socket 0,gh:Module Power Socket 1,gh:Grace Power Socket 1,gh:CPU Power Socket 1,gh:SysIO Power Socket 1,gh:Module Power Socket 2,gh:Grace Power Socket 2,gh:CPU Power Socket 2,gh:SysIO Power Socket 2,gh:Module Power Socket 3,gh:Grace Power Socket 3,gh:CPU Power Socket 3,gh:SysIO Power Socket 3,pynvml:0,pynvml:1,pynvml:2,pynvml:3
0,1733991807.382158,184.724,40.635999999999996,38.800999999999995,0.13,201.124,32.507,30.927999999999997,0.008,184.367,37.821,36.181999999999995,0.066,167.588,58.967,56.611,0.261,106.395,100.19500000000001,94.411,105.45
1,1733991807.470367,184.724,40.635999999999996,38.800999999999995,0.13,201.124,32.507,30.927999999999997,0.008,184.367,37.821,36.181999999999995,0.066,167.588,58.967,56.611,0.261,106.395,100.21300000000001,94.41,105.44500000000001
2,1733991807.483487,184.724,40.635999999999996,38.800999999999995,0.13,201.124,32.507,30.927999999999997,0.008,184.367,37.821,36.181999999999995,0.066,167.588,58.967,56.611,0.261,106.432,100.21300000000001,94.41,105.44500000000001
3,1733991807.5717893,184.724,40.635999999999996,38.800999999999995,0.13,201.124,32.507,30.927999999999997,0.008,184.367,37.821,36.181999999999995,0.066,167.588,58.967,56.611,0.261,106.432,100.176,94.392,105.402
4,1733991807.5842805,184.724,40.635999999999996,38.800999999999995,0.13,201.124,32.507,30.927999999999997,0.008,184.367,37.821,36.181999999999995,0.066,167.588,58.967,56.611,0.261,106.396,100.176,94.392,105.402
5,1733991807.6731179,184.724,40.635999999999996,38.800999999999995,0.13,201.124,32.507,30.927999999999997,0.008,184.367,37.821,36.181999999999995,0.066,167.588,58.967,56.611,0.261,106.396,100.249,94.383,105.408
6,1733991807.6850147,184.724,40.635999999999996,38.800999999999995,0.13,201.124,32.507,30.927999999999997,0.008,184.367,37.821,36.181999999999995,0.066,167.588,58.967,56.611,0.261,106.32000000000001,100.249,94.383,105.408
7,1733991807.7742312,184.724,40.635999999999996,38.800999999999995,0.13,201.124,32.507,30.927999999999997,0.008,184.367,37.821,36.181999999999995,0.066,167.588,58.967,56.611,0.261,106.32000000000001,100.268,94.406,105.36
8,1733991807.7856898,184.724,40.635999999999996,38.800999999999995,0.13,201.124,32.507,30.927999999999997,0.008,184.367,37.821,36.181999999999995,0.066,167.588,58.967,56.611,0.261,106.267,100.268,94.406,105.36
9,1733991807.875287,184.724,40.635999999999996,38.800999999999995,0.13,201.124,32.507,30.927999999999997,0.008,184.367,37.821,36.181999999999995,0.066,167.588,58.967,56.611,0.261,106.267,100.227,94.354,105.3
10,1733991807.886358,184.724,40.635999999999996,38.800999999999995,0.13,201.124,32.507,30.927999999999997,0.008,184.367,37.821,36.181999999999995,0.066,167.588,58.967,56.611,0.261,106.238,100.227,94.354,105.3
11,1733991807.9762084,184.724,40.635999999999996,38.800999999999995,0.13,201.124,32.507,30.927999999999997,0.008,184.367,37.821,36.181999999999995,0.066,167.588,58.967,56.611,0.261,106.238,100.233,94.37,105.281
12,1733991807.987038,184.724,40.635999999999996,38.800999999999995,0.13,201.124,32.507,30.927999999999997,0.008,184.367,37.821,36.181999999999995,0.066,167.588,58.967,56.611,0.261,106.24000000000001,100.233,94.37,105.281
13,1733991808.0770564,184.724,40.635999999999996,38.800999999999995,0.13,201.124,32.507,30.927999999999997,0.008,184.367,37.821,36.181999999999995,0.066,167.588,58.967,56.611,0.261,106.24000000000001,100.232,94.324,105.294
14,1733991808.0877128,184.724,40.635999999999996,38.800999999999995,0.13,201.124,32.507,30.927999999999997,0.008,184.367,37.821,36.181999999999995,0.066,167.588,58.967,56.611,0.261,106.258,100.232,94.324,105.294
15,1733991808.1884487,184.724,40.635999999999996,38.800999999999995,0.13,201.124,32.507,30.927999999999997,0.008,184.367,37.821,36.181999999999995,0.066,167.588,58.967,56.611,0.261,106.268,100.256,94.283,105.273
16,1733991808.1904733,184.724,40.635999999999996,38.800999999999995,0.13,201.124,32.507,30.927999999999997,0.008,184.367,37.821,36.181999999999995,0.066,167.588,58.967,56.611,0.261,106.268,100.256,94.283,105.273
17,1733991808.3027523,184.724,40.635999999999996,38.800999999999995,0.13,201.124,32.507,30.927999999999997,0.008,184.367,37.821,36.181999999999995,0.066,167.588,58.967,56.611,0.261,106.299,100.31400000000001,94.287,105.276
18,1733991808.3182101,184.724,40.635999999999996,38.800999999999995,0.13,201.124,32.507,30.927999999999997,0.008,184.367,37.821,36.181999999999995,0.066,167.588,58.967,56.611,0.261,106.299,100.31400000000001,94.287,105.279
19,1733991808.4129908,167.93699999999998,39.216,37.742,0.16399999999999998,218.243,31.849999999999998,30.671999999999997,0.0,201.117,35.908,34.599,0.13,150.84799999999998,56.717,54.556,0.327,106.373,100.366,94.265,105.279
20,1733991808.4295673,167.93699999999998,39.216,37.742,0.16399999999999998,218.243,31.849999999999998,30.671999999999997,0.0,201.117,35.908,34.599,0.13,150.84799999999998,56.717,54.556,0.327,106.373,100.366,94.265,105.273
21,1733991808.5244317,167.93699999999998,39.216,37.742,0.16399999999999998,218.243,31.849999999999998,30.671999999999997,0.0,201.117,35.908,34.599,0.13,150.84799999999998,56.717,54.556,0.327,106.355,100.41,94.214,105.267
22,1733991808.5418925,167.93699999999998,39.216,37.742,0.16399999999999998,218.243,31.849999999999998,30.671999999999997,0.0,201.117,35.908,34.599,0.13,150.84799999999998,56.717,54.556,0.327,106.355,100.41,94.214,105.267
23,1733991808.626352,167.93699999999998,39.216,37.742,0.16399999999999998,218.243,31.849999999999998,30.671999999999997,0.0,201.117,35.908,34.599,0.13,150.84799999999998,56.717,54.556,0.327,106.343,100.44800000000001,94.187,105.293
24,1733991808.6426985,167.93699999999998,39.216,37.742,0.16399999999999998,218.243,31.849999999999998,30.671999999999997,0.0,201.117,35.908,34.599,0.13,150.84799999999998,56.717,54.556,0.327,106.343,100.44800000000001,94.187,105.293
25,1733991808.7270916,167.93699999999998,39.216,37.742,0.16399999999999998,218.243,31.849999999999998,30.671999999999997,0.0,201.117,35.908,34.599,0.13,150.84799999999998,56.717,54.556,0.327,106.373,100.447,94.136,105.303
26,1733991808.743416,167.93699999999998,39.216,37.742,0.16399999999999998,218.243,31.849999999999998,30.671999999999997,0.0,201.117,35.908,34.599,0.13,150.84799999999998,56.717,54.556,0.327,106.373,100.447,94.136,105.303
27,1733991808.8278286,167.93699999999998,39.216,37.742,0.16399999999999998,218.243,31.849999999999998,30.671999999999997,0.0,201.117,35.908,34.599,0.13,150.84799999999998,56.717,54.556,0.327,106.391,100.435,94.152,105.299
28,1733991808.8441348,167.93699999999998,39.216,37.742,0.16399999999999998,218.243,31.849999999999998,30.671999999999997,0.0,201.117,35.908,34.599,0.13,150.84799999999998,56.717,54.556,0.327,106.391,100.435,94.152,105.299
29,1733991808.9285514,167.93699999999998,39.216,37.742,0.16399999999999998,218.243,31.849999999999998,30.671999999999997,0.0,201.117,35.908,34.599,0.13,150.84799999999998,56.717,54.556,0.327,106.37,100.47500000000001,94.158,105.247
30,1733991808.9448636,167.93699999999998,39.216,37.742,0.16399999999999998,218.243,31.849999999999998,30.671999999999997,0.0,201.117,35.908,34.599,0.13,150.84799999999998,56.717,54.556,0.327,106.37,100.47500000000001,94.158,105.247
31,1733991809.0292988,167.93699999999998,39.216,37.742,0.16399999999999998,218.243,31.849999999999998,30.671999999999997,0.0,201.117,35.908,34.599,0.13,150.84799999999998,56.717,54.556,0.327,106.386,100.5,94.145,105.233
32,1733991809.046249,167.93699999999998,39.216,37.742,0.16399999999999998,218.243,31.849999999999998,30.671999999999997,0.0,201.117,35.908,34.599,0.13,150.84799999999998,56.717,54.556,0.327,106.386,100.5,94.145,105.233
33,1733991809.1300974,167.93699999999998,39.216,37.742,0.16399999999999998,218.243,31.849999999999998,30.671999999999997,0.0,201.117,35.908,34.599,0.13,150.84799999999998,56.717,54.556,0.327,106.377,100.46000000000001,94.211,105.311
34,1733991809.14784,167.93699999999998,39.216,37.742,0.16399999999999998,218.243,31.849999999999998,30.671999999999997,0.0,201.117,35.908,34.599,0.13,150.84799999999998,56.717,54.556,0.327,106.377,100.46000000000001,94.211,105.311
35,1733991809.2308333,167.93699999999998,39.216,37.742,0.16399999999999998,218.243,31.849999999999998,30.671999999999997,0.0,201.117,35.908,34.599,0.13,150.84799999999998,56.717,54.556,0.327,106.331,100.449,94.24,105.306
36,1733991809.2498236,167.93699999999998,39.216,37.742,0.16399999999999998,218.243,31.849999999999998,30.671999999999997,0.0,201.117,35.908,34.599,0.13,150.84799999999998,56.717,54.556,0.327,106.331,100.449,94.24,105.306
37,1733991809.331549,167.93699999999998,39.216,37.742,0.16399999999999998,218.243,31.849999999999998,30.671999999999997,0.0,201.117,35.908,34.599,0.13,150.84799999999998,56.717,54.556,0.327,106.311,100.438,94.239,105.291
38,1733991809.3517704,167.93699999999998,39.216,37.742,0.16399999999999998,218.243,31.849999999999998,30.671999999999997,0.0,201.117,35.908,34.599,0.13,150.84799999999998,56.717,54.556,0.327,106.311,100.438,94.239,105.291
39,1733991809.4386702,184.694,39.092999999999996,37.751999999999995,0.163,201.124,30.81,29.622999999999998,0.008,201.464,36.37,35.123999999999995,0.065,167.964,56.919,54.556999999999995,0.261,106.24300000000001,100.377,94.239,105.282
40,1733991809.453359,184.694,39.092999999999996,37.751999999999995,0.163,201.124,30.81,29.622999999999998,0.008,201.464,36.37,35.123999999999995,0.065,167.964,56.919,54.556999999999995,0.261,106.24300000000001,100.377,94.239,105.282
41,1733991809.5427039,184.694,39.092999999999996,37.751999999999995,0.163,201.124,30.81,29.622999999999998,0.008,201.464,36.37,35.123999999999995,0.065,167.964,56.919,54.556999999999995,0.261,106.275,100.32600000000001,94.266,105.318
42,1733991809.5549412,184.694,39.092999999999996,37.751999999999995,0.163,201.124,30.81,29.622999999999998,0.008,201.464,36.37,35.123999999999995,0.065,167.964,56.919,54.556999999999995,0.261,106.275,100.32600000000001,94.266,105.318
43,1733991809.6484883,184.694,39.092999999999996,37.751999999999995,0.163,201.124,30.81,29.622999999999998,0.008,201.464,36.37,35.123999999999995,0.065,167.964,56.919,54.556999999999995,0.261,106.277,100.27,94.268,105.242
44,1733991809.6643996,184.694,39.092999999999996,37.751999999999995,0.163,201.124,30.81,29.622999999999998,0.008,201.464,36.37,35.123999999999995,0.065,167.964,56.919,54.556999999999995,0.261,106.277,100.27,94.268,105.242
45,1733991809.752029,184.694,39.092999999999996,37.751999999999995,0.163,201.124,30.81,29.622999999999998,0.008,201.464,36.37,35.123999999999995,0.065,167.964,56.919,54.556999999999995,0.261,106.245,100.251,94.271,105.22500000000001
46,1733991809.828375,184.694,39.092999999999996,37.751999999999995,0.163,201.124,30.81,29.622999999999998,0.008,201.464,36.37,35.123999999999995,0.065,167.964,56.919,54.556999999999995,0.261,106.269,100.251,94.271,105.22500000000001
47,1733991809.8527627,184.694,39.092999999999996,37.751999999999995,0.163,201.124,30.81,29.622999999999998,0.008,201.464,36.37,35.123999999999995,0.065,167.964,56.919,54.556999999999995,0.261,106.269,100.23,94.271,105.22500000000001
48,1733991809.9291277,184.694,39.092999999999996,37.751999999999995,0.163,201.124,30.81,29.622999999999998,0.008,201.464,36.37,35.123999999999995,0.065,167.964,56.919,54.556999999999995,0.261,106.266,100.23,94.247,105.271
49,1733991809.9534402,184.694,39.092999999999996,37.751999999999995,0.163,201.124,30.81,29.622999999999998,0.008,201.464,36.37,35.123999999999995,0.065,167.964,56.919,54.556999999999995,0.261,106.266,100.24000000000001,94.247,105.271
50,1733991810.0307822,184.694,39.092999999999996,37.751999999999995,0.163,201.124,30.81,29.622999999999998,0.008,201.464,36.37,35.123999999999995,0.065,167.964,56.919,54.556999999999995,0.261,106.221,100.24000000000001,94.246,105.266
51,1733991810.0562754,184.694,39.092999999999996,37.751999999999995,0.163,201.124,30.81,29.622999999999998,0.008,201.464,36.37,35.123999999999995,0.065,167.964,56.919,54.556999999999995,0.261,106.221,100.23100000000001,94.246,105.266
52,1733991810.1443927,184.694,39.092999999999996,37.751999999999995,0.163,201.124,30.81,29.622999999999998,0.008,201.464,36.37,35.123999999999995,0.065,167.964,56.919,54.556999999999995,0.261,106.248,100.23100000000001,94.21600000000001,105.217
53,1733991810.1625113,184.694,39.092999999999996,37.751999999999995,0.163,201.124,30.81,29.622999999999998,0.008,201.464,36.37,35.123999999999995,0.065,167.964,56.919,54.556999999999995,0.261,106.248,100.243,94.21600000000001,105.217
54,1733991810.2453563,184.694,39.092999999999996,37.751999999999995,0.163,201.124,30.81,29.622999999999998,0.008,201.464,36.37,35.123999999999995,0.065,167.964,56.919,54.556999999999995,0.261,106.3,100.243,94.21000000000001,105.19
55,1733991810.264796,184.694,39.092999999999996,37.751999999999995,0.163,201.124,30.81,29.622999999999998,0.008,201.464,36.37,35.123999999999995,0.065,167.964,56.919,54.556999999999995,0.261,106.3,100.265,94.21000000000001,105.19
56,1733991810.3461552,184.694,39.092999999999996,37.751999999999995,0.163,201.124,30.81,29.622999999999998,0.008,201.464,36.37,35.123999999999995,0.065,167.964,56.919,54.556999999999995,0.261,106.267,100.265,94.20400000000001,105.244
57,1733991810.3655727,184.694,39.092999999999996,37.751999999999995,0.163,201.124,30.81,29.622999999999998,0.008,201.464,36.37,35.123999999999995,0.065,167.964,56.919,54.556999999999995,0.261,106.267,100.23400000000001,94.20400000000001,105.244
58,1733991810.4599922,184.706,38.701,37.228,0.163,201.12199999999999,31.596,30.409,0.008,201.46699999999998,36.399,35.123,0.09799999999999999,167.95,58.701,56.605,0.263,106.265,100.262,94.232,105.252
59,1733991810.4663143,184.706,38.701,37.228,0.163,201.12199999999999,31.596,30.409,0.008,201.46699999999998,36.399,35.123,0.09799999999999999,167.95,58.701,56.605,0.263,106.265,100.262,94.232,105.252
60,1733991810.5643485,184.706,38.701,37.228,0.163,201.12199999999999,31.596,30.409,0.008,201.46699999999998,36.399,35.123,0.09799999999999999,167.95,58.701,56.605,0.263,106.22200000000001,100.269,94.239,105.21900000000001
61,1733991810.5668476,184.706,38.701,37.228,0.163,201.12199999999999,31.596,30.409,0.008,201.46699999999998,36.399,35.123,0.09799999999999999,167.95,58.701,56.605,0.263,106.22200000000001,100.269,94.239,105.21900000000001
62,1733991810.6651368,184.706,38.701,37.228,0.163,201.12199999999999,31.596,30.409,0.008,201.46699999999998,36.399,35.123,0.09799999999999999,167.95,58.701,56.605,0.263,106.19,100.254,94.263,105.241
63,1733991810.6673863,184.706,38.701,37.228,0.163,201.12199999999999,31.596,30.409,0.008,201.46699999999998,36.399,35.123,0.09799999999999999,167.95,58.701,56.605,0.263,106.19,100.254,94.263,105.241
64,1733991810.765918,184.706,38.701,37.228,0.163,201.12199999999999,31.596,30.409,0.008,201.46699999999998,36.399,35.123,0.09799999999999999,167.95,58.701,56.605,0.263,106.203,100.244,94.269,105.298
65,1733991810.7678812,184.706,38.701,37.228,0.163,201.12199999999999,31.596,30.409,0.008,201.46699999999998,36.399,35.123,0.09799999999999999,167.95,58.701,56.605,0.263,106.203,100.244,94.269,105.298
66,1733991810.8666801,184.706,38.701,37.228,0.163,201.12199999999999,31.596,30.409,0.008,201.46699999999998,36.399,35.123,0.09799999999999999,167.95,58.701,56.605,0.263,106.19,100.263,94.28,105.282
67,1733991810.8683774,184.706,38.701,37.228,0.163,201.12199999999999,31.596,30.409,0.008,201.46699999999998,36.399,35.123,0.09799999999999999,167.95,58.701,56.605,0.263,106.19,100.263,94.28,105.282
68,1733991810.9674535,184.706,38.701,37.228,0.163,201.12199999999999,31.596,30.409,0.008,201.46699999999998,36.399,35.123,0.09799999999999999,167.95,58.701,56.605,0.263,106.2,100.21000000000001,94.256,105.281
69,1733991810.9688785,184.706,38.701,37.228,0.163,201.12199999999999,31.596,30.409,0.008,201.46699999999998,36.399,35.123,0.09799999999999999,167.95,58.701,56.605,0.263,106.2,100.21000000000001,94.256,105.281
70,1733991811.068216,184.706,38.701,37.228,0.163,201.12199999999999,31.596,30.409,0.008,201.46699999999998,36.399,35.123,0.09799999999999999,167.95,58.701,56.605,0.263,106.224,100.221,94.282,105.294
71,1733991811.069423,184.706,38.701,37.228,0.163,201.12199999999999,31.596,30.409,0.008,201.46699999999998,36.399,35.123,0.09799999999999999,167.95,58.701,56.605,0.263,106.224,100.221,94.282,105.294
72,1733991811.1689591,184.706,38.701,37.228,0.163,201.12199999999999,31.596,30.409,0.008,201.46699999999998,36.399,35.123,0.09799999999999999,167.95,58.701,56.605,0.263,106.21300000000001,100.208,94.286,105.282
73,1733991811.16993,184.706,38.701,37.228,0.163,201.12199999999999,31.596,30.409,0.008,201.46699999999998,36.399,35.123,0.09799999999999999,167.95,58.701,56.605,0.263,106.21300000000001,100.208,94.286,105.282
74,1733991811.2696946,184.706,38.701,37.228,0.163,201.12199999999999,31.596,30.409,0.008,201.46699999999998,36.399,35.123,0.09799999999999999,167.95,58.701,56.605,0.263,106.21300000000001,100.22,94.298,105.256
75,1733991811.270411,184.706,38.701,37.228,0.163,201.12199999999999,31.596,30.409,0.008,201.46699999999998,36.399,35.123,0.09799999999999999,167.95,58.701,56.605,0.263,106.21300000000001,100.22,94.298,105.256
76,1733991811.37074,184.706,38.701,37.228,0.163,201.12199999999999,31.596,30.409,0.008,201.46699999999998,36.399,35.123,0.09799999999999999,167.95,58.701,56.605,0.263,106.19500000000001,100.211,94.337,105.23100000000001
77,1733991811.3712354,184.706,38.701,37.228,0.163,201.12199999999999,31.596,30.409,0.008,201.46699999999998,36.399,35.123,0.09799999999999999,167.95,58.701,56.605,0.263,106.19500000000001,100.211,94.337,105.23100000000001
78,1733991811.4748728,184.362,39.085,37.742,0.16399999999999998,217.891,31.073999999999998,29.884999999999998,0.008,184.707,37.446999999999996,36.17,0.09799999999999999,150.84,59.031,56.608999999999995,0.327,106.257,100.215,94.34100000000001,105.261
79,1733991811.4755242,184.362,39.085,37.742,0.16399999999999998,217.891,31.073999999999998,29.884999999999998,0.008,184.707,37.446999999999996,36.17,0.09799999999999999,150.84,59.031,56.608999999999995,0.327,106.257,100.215,94.34100000000001,105.261
80,1733991811.5755613,184.362,39.085,37.742,0.16399999999999998,217.891,31.073999999999998,29.884999999999998,0.008,184.707,37.446999999999996,36.17,0.09799999999999999,150.84,59.031,56.608999999999995,0.327,106.233,100.20400000000001,94.422,105.293
81,1733991811.5760407,184.362,39.085,37.742,0.16399999999999998,217.891,31.073999999999998,29.884999999999998,0.008,184.707,37.446999999999996,36.17,0.09799999999999999,150.84,59.031,56.608999999999995,0.327,106.233,100.20400000000001,94.422,105.293
82,1733991811.6762614,184.362,39.085,37.742,0.16399999999999998,217.891,31.073999999999998,29.884999999999998,0.008,184.707,37.446999999999996,36.17,0.09799999999999999,150.84,59.031,56.608999999999995,0.327,106.302,100.223,94.415,105.265
83,1733991811.676739,184.362,39.085,37.742,0.16399999999999998,217.891,31.073999999999998,29.884999999999998,0.008,184.707,37.446999999999996,36.17,0.09799999999999999,150.84,59.031,56.608999999999995,0.327,106.302,100.223,94.415,105.265
84,1733991811.7769544,184.362,39.085,37.742,0.16399999999999998,217.891,31.073999999999998,29.884999999999998,0.008,184.707,37.446999999999996,36.17,0.09799999999999999,150.84,59.031,56.608999999999995,0.327,106.33200000000001,100.212,94.391,105.217
85,1733991811.7774434,184.362,39.085,37.742,0.16399999999999998,217.891,31.073999999999998,29.884999999999998,0.008,184.707,37.446999999999996,36.17,0.09799999999999999,150.84,59.031,56.608999999999995,0.327,106.33200000000001,100.212,94.391,105.217
86,1733991811.8776548,184.362,39.085,37.742,0.16399999999999998,217.891,31.073999999999998,29.884999999999998,0.008,184.707,37.446999999999996,36.17,0.09799999999999999,150.84,59.031,56.608999999999995,0.327,106.313,100.19200000000001,94.403,105.206
87,1733991811.8781517,184.362,39.085,37.742,0.16399999999999998,217.891,31.073999999999998,29.884999999999998,0.008,184.707,37.446999999999996,36.17,0.09799999999999999,150.84,59.031,56.608999999999995,0.327,106.313,100.19200000000001,94.403,105.206
88,1733991811.9785798,184.362,39.085,37.742,0.16399999999999998,217.891,31.073999999999998,29.884999999999998,0.008,184.707,37.446999999999996,36.17,0.09799999999999999,150.84,59.031,56.608999999999995,0.327,106.369,100.218,94.41,105.166
89,1733991811.980208,184.362,39.085,37.742,0.16399999999999998,217.891,31.073999999999998,29.884999999999998,0.008,184.707,37.446999999999996,36.17,0.09799999999999999,150.84,59.031,56.608999999999995,0.327,106.369,100.218,94.41,105.166
90,1733991812.0792613,184.362,39.085,37.742,0.16399999999999998,217.891,31.073999999999998,29.884999999999998,0.008,184.707,37.446999999999996,36.17,0.09799999999999999,150.84,59.031,56.608999999999995,0.327,106.35900000000001,100.223,94.36,105.133
91,1733991812.0806937,184.362,39.085,37.742,0.16399999999999998,217.891,31.073999999999998,29.884999999999998,0.008,184.707,37.446999999999996,36.17,0.09799999999999999,150.84,59.031,56.608999999999995,0.327,106.35900000000001,100.223,94.36,105.133
92,1733991812.179984,184.362,39.085,37.742,0.16399999999999998,217.891,31.073999999999998,29.884999999999998,0.008,184.707,37.446999999999996,36.17,0.09799999999999999,150.84,59.031,56.608999999999995,0.327,106.31700000000001,100.208,94.34,105.095
93,1733991812.1811872,184.362,39.085,37.742,0.16399999999999998,217.891,31.073999999999998,29.884999999999998,0.008,184.707,37.446999999999996,36.17,0.09799999999999999,150.84,59.031,56.608999999999995,0.327,106.31700000000001,100.208,94.34,105.095
94,1733991812.2809,184.362,39.085,37.742,0.16399999999999998,217.891,31.073999999999998,29.884999999999998,0.008,184.707,37.446999999999996,36.17,0.09799999999999999,150.84,59.031,56.608999999999995,0.327,106.354,100.211,94.35000000000001,105.11200000000001
95,1733991812.2818525,184.362,39.085,37.742,0.16399999999999998,217.891,31.073999999999998,29.884999999999998,0.008,184.707,37.446999999999996,36.17,0.09799999999999999,150.84,59.031,56.608999999999995,0.327,106.354,100.211,94.35000000000001,105.11200000000001
96,1733991812.3822663,184.362,39.085,37.742,0.16399999999999998,217.891,31.073999999999998,29.884999999999998,0.008,184.707,37.446999999999996,36.17,0.09799999999999999,150.84,59.031,56.608999999999995,0.327,106.413,100.256,94.366,105.13
97,1733991812.3827922,184.362,39.085,37.742,0.16399999999999998,217.891,31.073999999999998,29.884999999999998,0.008,184.707,37.446999999999996,36.17,0.09799999999999999,150.84,59.031,56.608999999999995,0.327,106.413,100.256,94.366,105.13
98,1733991812.487657,184.369,39.705999999999996,38.266,0.163,201.129,31.325999999999997,30.136999999999997,0.008,184.702,36.411,35.134,0.09799999999999999,150.831,56.675,54.513999999999996,0.327,106.417,100.26,94.322,105.098
99,1733991812.5027933,184.369,39.705999999999996,38.266,0.163,201.129,31.325999999999997,30.136999999999997,0.008,184.702,36.411,35.134,0.09799999999999999,150.831,56.675,54.513999999999996,0.327,106.415,100.26,94.322,105.098
100,1733991812.5883782,184.369,39.705999999999996,38.266,0.163,201.129,31.325999999999997,30.136999999999997,0.008,184.702,36.411,35.134,0.09799999999999999,150.831,56.675,54.513999999999996,0.327,106.415,100.226,94.242,105.092
101,1733991812.603518,184.369,39.705999999999996,38.266,0.163,201.129,31.325999999999997,30.136999999999997,0.008,184.702,36.411,35.134,0.09799999999999999,150.831,56.675,54.513999999999996,0.327,106.366,100.226,94.242,105.092
102,1733991812.6891558,184.369,39.705999999999996,38.266,0.163,201.129,31.325999999999997,30.136999999999997,0.008,184.702,36.411,35.134,0.09799999999999999,150.831,56.675,54.513999999999996,0.327,106.366,100.211,94.22,105.09400000000001
103,1733991812.704246,184.369,39.705999999999996,38.266,0.163,201.129,31.325999999999997,30.136999999999997,0.008,184.702,36.411,35.134,0.09799999999999999,150.831,56.675,54.513999999999996,0.327,106.34,100.211,94.22,105.09400000000001
104,1733991812.7899444,184.369,39.705999999999996,38.266,0.163,201.129,31.325999999999997,30.136999999999997,0.008,184.702,36.411,35.134,0.09799999999999999,150.831,56.675,54.513999999999996,0.327,106.34,100.259,94.243,105.107
105,1733991812.8049805,184.369,39.705999999999996,38.266,0.163,201.129,31.325999999999997,30.136999999999997,0.008,184.702,36.411,35.134,0.09799999999999999,150.831,56.675,54.513999999999996,0.327,106.34700000000001,100.259,94.243,105.107
106,1733991812.8907318,184.369,39.705999999999996,38.266,0.163,201.129,31.325999999999997,30.136999999999997,0.008,184.702,36.411,35.134,0.09799999999999999,150.831,56.675,54.513999999999996,0.327,106.34700000000001,100.294,94.242,105.134
107,1733991812.905645,184.369,39.705999999999996,38.266,0.163,201.129,31.325999999999997,30.136999999999997,0.008,184.702,36.411,35.134,0.09799999999999999,150.831,56.675,54.513999999999996,0.327,106.307,100.294,94.242,105.134
108,1733991812.991495,184.369,39.705999999999996,38.266,0.163,201.129,31.325999999999997,30.136999999999997,0.008,184.702,36.411,35.134,0.09799999999999999,150.831,56.675,54.513999999999996,0.327,106.307,100.298,94.256,105.166
109,1733991813.0063224,184.369,39.705999999999996,38.266,0.163,201.129,31.325999999999997,30.136999999999997,0.008,184.702,36.411,35.134,0.09799999999999999,150.831,56.675,54.513999999999996,0.327,106.288,100.298,94.256,105.166
110,1733991813.0923092,184.369,39.705999999999996,38.266,0.163,201.129,31.325999999999997,30.136999999999997,0.008,184.702,36.411,35.134,0.09799999999999999,150.831,56.675,54.513999999999996,0.327,106.288,100.327,94.28,105.208
111,1733991813.1070497,184.369,39.705999999999996,38.266,0.163,201.129,31.325999999999997,30.136999999999997,0.008,184.702,36.411,35.134,0.09799999999999999,150.831,56.675,54.513999999999996,0.327,106.371,100.327,94.28,105.208
112,1733991813.193076,184.369,39.705999999999996,38.266,0.163,201.129,31.325999999999997,30.136999999999997,0.008,184.702,36.411,35.134,0.09799999999999999,150.831,56.675,54.513999999999996,0.327,106.371,100.373,94.334,105.26
113,1733991813.207774,184.369,39.705999999999996,38.266,0.163,201.129,31.325999999999997,30.136999999999997,0.008,184.702,36.411,35.134,0.09799999999999999,150.831,56.675,54.513999999999996,0.327,106.381,100.373,94.334,105.26
114,1733991813.29382,184.369,39.705999999999996,38.266,0.163,201.129,31.325999999999997,30.136999999999997,0.008,184.702,36.411,35.134,0.09799999999999999,150.831,56.675,54.513999999999996,0.327,106.381,100.375,94.355,105.26
115,1733991813.3084714,184.369,39.705999999999996,38.266,0.163,201.129,31.325999999999997,30.136999999999997,0.008,184.702,36.411,35.134,0.09799999999999999,150.831,56.675,54.513999999999996,0.327,106.31,100.375,94.355,105.26
116,1733991813.394586,184.369,39.705999999999996,38.266,0.163,201.129,31.325999999999997,30.136999999999997,0.008,184.702,36.411,35.134,0.09799999999999999,150.831,56.675,54.513999999999996,0.327,106.31,100.32600000000001,94.34400000000001,105.226
117,1733991813.409148,184.369,39.705999999999996,38.266,0.163,201.129,31.325999999999997,30.136999999999997,0.008,184.702,36.411,35.134,0.09799999999999999,150.831,56.675,54.513999999999996,0.327,106.322,100.32600000000001,94.34400000000001,105.226
118,1733991813.4988236,167.576,39.217999999999996,37.745,0.163,201.46599999999998,31.072,29.886,0.008,184.355,36.414,35.135,0.09799999999999999,167.602,58.967,56.61,0.261,106.322,100.343,94.365,105.23100000000001
119,1733991813.5099068,167.576,39.217999999999996,37.745,0.163,201.46599999999998,31.072,29.886,0.008,184.355,36.414,35.135,0.09799999999999999,167.602,58.967,56.61,0.261,106.325,100.343,94.365,105.23100000000001
120,1733991813.5995653,167.576,39.217999999999996,37.745,0.163,201.46599999999998,31.072,29.886,0.008,184.355,36.414,35.135,0.09799999999999999,167.602,58.967,56.61,0.261,106.325,100.33500000000001,94.383,105.286
121,1733991813.6106193,167.576,39.217999999999996,37.745,0.163,201.46599999999998,31.072,29.886,0.008,184.355,36.414,35.135,0.09799999999999999,167.602,58.967,56.61,0.261,106.33200000000001,100.33500000000001,94.383,105.286
122,1733991813.700297,167.576,39.217999999999996,37.745,0.163,201.46599999999998,31.072,29.886,0.008,184.355,36.414,35.135,0.09799999999999999,167.602,58.967,56.61,0.261,106.33200000000001,100.307,94.386,105.289
123,1733991813.7112863,167.576,39.217999999999996,37.745,0.163,201.46599999999998,31.072,29.886,0.008,184.355,36.414,35.135,0.09799999999999999,167.602,58.967,56.61,0.261,106.35000000000001,100.307,94.386,105.289
124,1733991813.8010492,167.576,39.217999999999996,37.745,0.163,201.46599999999998,31.072,29.886,0.008,184.355,36.414,35.135,0.09799999999999999,167.602,58.967,56.61,0.261,106.35000000000001,100.258,94.35000000000001,105.305
125,1733991813.811995,167.576,39.217999999999996,37.745,0.163,201.46599999999998,31.072,29.886,0.008,184.355,36.414,35.135,0.09799999999999999,167.602,58.967,56.61,0.261,106.32600000000001,100.258,94.35000000000001,105.305
126,1733991813.9018085,167.576,39.217999999999996,37.745,0.163,201.46599999999998,31.072,29.886,0.008,184.355,36.414,35.135,0.09799999999999999,167.602,58.967,56.61,0.261,106.32600000000001,100.20400000000001,94.33500000000001,105.324
127,1733991813.9127002,167.576,39.217999999999996,37.745,0.163,201.46599999999998,31.072,29.886,0.008,184.355,36.414,35.135,0.09799999999999999,167.602,58.967,56.61,0.261,106.337,100.20400000000001,94.33500000000001,105.324
128,1733991814.0025654,167.576,39.217999999999996,37.745,0.163,201.46599999999998,31.072,29.886,0.008,184.355,36.414,35.135,0.09799999999999999,167.602,58.967,56.61,0.261,106.337,100.238,94.34,105.304
129,1733991814.013413,167.576,39.217999999999996,37.745,0.163,201.46599999999998,31.072,29.886,0.008,184.355,36.414,35.135,0.09799999999999999,167.602,58.967,56.61,0.261,106.36,100.238,94.34,105.304
130,1733991814.1033251,167.576,39.217999999999996,37.745,0.163,201.46599999999998,31.072,29.886,0.008,184.355,36.414,35.135,0.09799999999999999,167.602,58.967,56.61,0.261,106.36,100.224,94.355,105.346
131,1733991814.1141102,167.576,39.217999999999996,37.745,0.163,201.46599999999998,31.072,29.886,0.008,184.355,36.414,35.135,0.09799999999999999,167.602,58.967,56.61,0.261,106.305,100.224,94.355,105.346
132,1733991814.2040496,167.576,39.217999999999996,37.745,0.163,201.46599999999998,31.072,29.886,0.008,184.355,36.414,35.135,0.09799999999999999,167.602,58.967,56.61,0.261,106.305,100.19800000000001,94.32000000000001,105.308
133,1733991814.2148223,167.576,39.217999999999996,37.745,0.163,201.46599999999998,31.072,29.886,0.008,184.355,36.414,35.135,0.09799999999999999,167.602,58.967,56.61,0.261,106.273,100.19800000000001,94.32000000000001,105.308
134,1733991814.3047945,167.576,39.217999999999996,37.745,0.163,201.46599999999998,31.072,29.886,0.008,184.355,36.414,35.135,0.09799999999999999,167.602,58.967,56.61,0.261,106.273,100.226,94.284,105.299
135,1733991814.3154728,167.576,39.217999999999996,37.745,0.163,201.46599999999998,31.072,29.886,0.008,184.355,36.414,35.135,0.09799999999999999,167.602,58.967,56.61,0.261,106.279,100.226,94.284,105.299
136,1733991814.4055467,167.576,39.217999999999996,37.745,0.163,201.46599999999998,31.072,29.886,0.008,184.355,36.414,35.135,0.09799999999999999,167.602,58.967,56.61,0.261,106.279,100.256,94.249,105.288
137,1733991814.4161854,167.576,39.217999999999996,37.745,0.163,201.46599999999998,31.072,29.886,0.008,184.355,36.414,35.135,0.09799999999999999,167.602,58.967,56.61,0.261,106.279,100.256,94.249,105.288
138,1733991814.5110388,184.712,39.095,37.753,0.163,201.464,31.203,30.148,0.008,184.694,35.614,34.599,0.09799999999999999,151.183,56.681,54.513999999999996,0.32799999999999996,106.24300000000001,100.267,94.266,105.289
139,1733991814.5168447,184.712,39.095,37.753,0.163,201.464,31.203,30.148,0.008,184.694,35.614,34.599,0.09799999999999999,151.183,56.681,54.513999999999996,0.32799999999999996,106.24300000000001,100.267,94.266,105.289
140,1733991814.6141891,184.712,39.095,37.753,0.163,201.464,31.203,30.148,0.008,184.694,35.614,34.599,0.09799999999999999,151.183,56.681,54.513999999999996,0.32799999999999996,106.245,100.331,94.29,105.246
141,1733991814.6175706,184.712,39.095,37.753,0.163,201.464,31.203,30.148,0.008,184.694,35.614,34.599,0.09799999999999999,151.183,56.681,54.513999999999996,0.32799999999999996,106.245,100.331,94.29,105.246
142,1733991814.7162263,184.712,39.095,37.753,0.163,201.464,31.203,30.148,0.008,184.694,35.614,34.599,0.09799999999999999,151.183,56.681,54.513999999999996,0.32799999999999996,106.289,100.39,94.305,105.22800000000001
143,1733991814.7181504,184.712,39.095,37.753,0.163,201.464,31.203,30.148,0.008,184.694,35.614,34.599,0.09799999999999999,151.183,56.681,54.513999999999996,0.32799999999999996,106.289,100.39,94.305,105.22800000000001
144,1733991814.8179824,184.712,39.095,37.753,0.163,201.464,31.203,30.148,0.008,184.694,35.614,34.599,0.09799999999999999,151.183,56.681,54.513999999999996,0.32799999999999996,106.301,100.395,94.32600000000001,105.211
145,1733991814.8186464,184.712,39.095,37.753,0.163,201.464,31.203,30.148,0.008,184.694,35.614,34.599,0.09799999999999999,151.183,56.681,54.513999999999996,0.32799999999999996,106.301,100.395,94.32600000000001,105.211
146,1733991814.9196193,184.712,39.095,37.753,0.163,201.464,31.203,30.148,0.008,184.694,35.614,34.599,0.09799999999999999,151.183,56.681,54.513999999999996,0.32799999999999996,106.364,100.425,94.306,105.212
147,1733991814.9201756,184.712,39.095,37.753,0.163,201.464,31.203,30.148,0.008,184.694,35.614,34.599,0.09799999999999999,151.183,56.681,54.513999999999996,0.32799999999999996,106.364,100.425,94.306,105.212
148,1733991815.0209794,184.712,39.095,37.753,0.163,201.464,31.203,30.148,0.008,184.694,35.614,34.599,0.09799999999999999,151.183,56.681,54.513999999999996,0.32799999999999996,106.34700000000001,100.364,94.264,105.229
149,1733991815.0215125,184.712,39.095,37.753,0.163,201.464,31.203,30.148,0.008,184.694,35.614,34.599,0.09799999999999999,151.183,56.681,54.513999999999996,0.32799999999999996,106.34700000000001,100.364,94.264,105.229
150,1733991815.1221652,184.712,39.095,37.753,0.163,201.464,31.203,30.148,0.008,184.694,35.614,34.599,0.09799999999999999,151.183,56.681,54.513999999999996,0.32799999999999996,106.337,100.372,94.23100000000001,105.194
151,1733991815.1227102,184.712,39.095,37.753,0.163,201.464,31.203,30.148,0.008,184.694,35.614,34.599,0.09799999999999999,151.183,56.681,54.513999999999996,0.32799999999999996,106.337,100.372,94.23100000000001,105.194
152,1733991815.2233565,184.712,39.095,37.753,0.163,201.464,31.203,30.148,0.008,184.694,35.614,34.599,0.09799999999999999,151.183,56.681,54.513999999999996,0.32799999999999996,106.375,100.36200000000001,94.206,105.242
153,1733991815.223906,184.712,39.095,37.753,0.163,201.464,31.203,30.148,0.008,184.694,35.614,34.599,0.09799999999999999,151.183,56.681,54.513999999999996,0.32799999999999996,106.375,100.36200000000001,94.206,105.242
154,1733991815.3245435,184.712,39.095,37.753,0.163,201.464,31.203,30.148,0.008,184.694,35.614,34.599,0.09799999999999999,151.183,56.681,54.513999999999996,0.32799999999999996,106.373,100.33200000000001,94.2,105.265
155,1733991815.3250964,184.712,39.095,37.753,0.163,201.464,31.203,30.148,0.008,184.694,35.614,34.599,0.09799999999999999,151.183,56.681,54.513999999999996,0.32799999999999996,106.373,100.33200000000001,94.2,105.265
156,1733991815.4256985,184.712,39.095,37.753,0.163,201.464,31.203,30.148,0.008,184.694,35.614,34.599,0.09799999999999999,151.183,56.681,54.513999999999996,0.32799999999999996,106.358,100.271,94.252,105.255
157,1733991815.426263,184.712,39.095,37.753,0.163,201.464,31.203,30.148,0.008,184.694,35.614,34.599,0.09799999999999999,151.183,56.681,54.513999999999996,0.32799999999999996,106.358,100.271,94.252,105.255
158,1733991815.5330622,184.719,38.705999999999996,37.23,0.163,201.126,31.072,29.884999999999998,0.008,184.67499999999998,36.4,35.123999999999995,0.09799999999999999,150.857,58.705999999999996,56.61,0.263,106.387,100.254,94.21900000000001,105.271
159,1733991815.5338507,184.719,38.705999999999996,37.23,0.163,201.126,31.072,29.884999999999998,0.008,184.67499999999998,36.4,35.123999999999995,0.09799999999999999,150.857,58.705999999999996,56.61,0.263,106.387,100.254,94.21900000000001,105.271
160,1733991815.6369169,184.719,38.705999999999996,37.23,0.163,201.126,31.072,29.884999999999998,0.008,184.67499999999998,36.4,35.123999999999995,0.09799999999999999,150.857,58.705999999999996,56.61,0.263,106.35000000000001,100.20400000000001,94.169,105.259
161,1733991815.6375203,184.719,38.705999999999996,37.23,0.163,201.126,31.072,29.884999999999998,0.008,184.67499999999998,36.4,35.123999999999995,0.09799999999999999,150.857,58.705999999999996,56.61,0.263,106.35000000000001,100.20400000000001,94.169,105.259
162,1733991815.7411332,184.719,38.705999999999996,37.23,0.163,201.126,31.072,29.884999999999998,0.008,184.67499999999998,36.4,35.123999999999995,0.09799999999999999,150.857,58.705999999999996,56.61,0.263,106.342,100.171,94.123,105.291
163,1733991815.742363,184.719,38.705999999999996,37.23,0.163,201.126,31.072,29.884999999999998,0.008,184.67499999999998,36.4,35.123999999999995,0.09799999999999999,150.857,58.705999999999996,56.61,0.263,106.342,100.171,94.123,105.291
164,1733991815.8443627,184.719,38.705999999999996,37.23,0.163,201.126,31.072,29.884999999999998,0.008,184.67499999999998,36.4,35.123999999999995,0.09799999999999999,150.857,58.705999999999996,56.61,0.263,106.298,100.137,94.146,105.298
165,1733991815.8456378,184.719,38.705999999999996,37.23,0.163,201.126,31.072,29.884999999999998,0.008,184.67499999999998,36.4,35.123999999999995,0.09799999999999999,150.857,58.705999999999996,56.61,0.263,106.298,100.137,94.146,105.298
166,1733991815.9463754,184.719,38.705999999999996,37.23,0.163,201.126,31.072,29.884999999999998,0.008,184.67499999999998,36.4,35.123999999999995,0.09799999999999999,150.857,58.705999999999996,56.61,0.263,106.33800000000001,100.127,94.172,105.303
167,1733991815.9490006,184.719,38.705999999999996,37.23,0.163,201.126,31.072,29.884999999999998,0.008,184.67499999999998,36.4,35.123999999999995,0.09799999999999999,150.857,58.705999999999996,56.61,0.263,106.33800000000001,100.127,94.172,105.303
168,1733991816.0471835,184.719,38.705999999999996,37.23,0.163,201.126,31.072,29.884999999999998,0.008,184.67499999999998,36.4,35.123999999999995,0.09799999999999999,150.857,58.705999999999996,56.61,0.263,106.349,100.133,94.179,105.318
169,1733991816.0513132,184.719,38.705999999999996,37.23,0.163,201.126,31.072,29.884999999999998,0.008,184.67499999999998,36.4,35.123999999999995,0.09799999999999999,150.857,58.705999999999996,56.61,0.263,106.349,100.133,94.179,105.318
170,1733991816.1480222,184.719,38.705999999999996,37.23,0.163,201.126,31.072,29.884999999999998,0.008,184.67499999999998,36.4,35.123999999999995,0.09799999999999999,150.857,58.705999999999996,56.61,0.263,106.334,100.084,94.212,105.286
171,1733991816.1530735,184.719,38.705999999999996,37.23,0.163,201.126,31.072,29.884999999999998,0.008,184.67499999999998,36.4,35.123999999999995,0.09799999999999999,150.857,58.705999999999996,56.61,0.263,106.334,100.084,94.212,105.286
172,1733991816.2488964,184.719,38.705999999999996,37.23,0.163,201.126,31.072,29.884999999999998,0.008,184.67499999999998,36.4,35.123999999999995,0.09799999999999999,150.857,58.705999999999996,56.61,0.263,106.361,100.084,94.227,105.305
173,1733991816.2539153,184.719,38.705999999999996,37.23,0.163,201.126,31.072,29.884999999999998,0.008,184.67499999999998,36.4,35.123999999999995,0.09799999999999999,150.857,58.705999999999996,56.61,0.263,106.361,100.084,94.227,105.305
174,1733991816.3496766,184.719,38.705999999999996,37.23,0.163,201.126,31.072,29.884999999999998,0.008,184.67499999999998,36.4,35.123999999999995,0.09799999999999999,150.857,58.705999999999996,56.61,0.263,106.393,100.10600000000001,94.23400000000001,105.315
175,1733991816.3546631,184.719,38.705999999999996,37.23,0.163,201.126,31.072,29.884999999999998,0.008,184.67499999999998,36.4,35.123999999999995,0.09799999999999999,150.857,58.705999999999996,56.61,0.263,106.393,100.10600000000001,94.23400000000001,105.315
176,1733991816.4504716,184.719,38.705999999999996,37.23,0.163,201.126,31.072,29.884999999999998,0.008,184.67499999999998,36.4,35.123999999999995,0.09799999999999999,150.857,58.705999999999996,56.61,0.263,106.393,100.136,94.161,105.31
177,1733991816.4554472,184.719,38.705999999999996,37.23,0.163,201.126,31.072,29.884999999999998,0.008,184.67499999999998,36.4,35.123999999999995,0.09799999999999999,150.857,58.705999999999996,56.61,0.263,106.393,100.136,94.161,105.31
178,1733991816.5536535,184.712,38.659,37.219,0.13,201.134,31.064,29.886,0.0,184.386,36.415,35.135999999999996,0.09799999999999999,167.95499999999998,58.637,56.608,0.19599999999999998,106.423,100.165,94.181,105.305
179,1733991816.5561848,184.712,38.659,37.219,0.13,201.134,31.064,29.886,0.0,184.386,36.415,35.135999999999996,0.09799999999999999,167.95499999999998,58.637,56.608,0.19599999999999998,106.423,100.165,94.181,105.305
180,1733991816.6579328,184.712,38.659,37.219,0.13,201.134,31.064,29.886,0.0,184.386,36.415,35.135999999999996,0.09799999999999999,167.95499999999998,58.637,56.608,0.19599999999999998,106.45100000000001,100.162,94.239,105.373
181,1733991816.6588948,184.712,38.659,37.219,0.13,201.134,31.064,29.886,0.0,184.386,36.415,35.135999999999996,0.09799999999999999,167.95499999999998,58.637,56.608,0.19599999999999998,106.45100000000001,100.162,94.239,105.373
182,1733991816.7609816,184.712,38.659,37.219,0.13,201.134,31.064,29.886,0.0,184.386,36.415,35.135999999999996,0.09799999999999999,167.95499999999998,58.637,56.608,0.19599999999999998,106.423,100.186,94.255,105.377
183,1733991816.7647448,184.712,38.659,37.219,0.13,201.134,31.064,29.886,0.0,184.386,36.415,35.135999999999996,0.09799999999999999,167.95499999999998,58.637,56.608,0.19599999999999998,106.423,100.186,94.255,105.377
184,1733991816.8630507,184.712,38.659,37.219,0.13,201.134,31.064,29.886,0.0,184.386,36.415,35.135999999999996,0.09799999999999999,167.95499999999998,58.637,56.608,0.19599999999999998,106.403,100.20400000000001,94.256,105.389
185,1733991816.8677928,184.712,38.659,37.219,0.13,201.134,31.064,29.886,0.0,184.386,36.415,35.135999999999996,0.09799999999999999,167.95499999999998,58.637,56.608,0.19599999999999998,106.403,100.20400000000001,94.256,105.389
186,1733991816.9654825,184.712,38.659,37.219,0.13,201.134,31.064,29.886,0.0,184.386,36.415,35.135999999999996,0.09799999999999999,167.95499999999998,58.637,56.608,0.19599999999999998,106.381,100.218,94.259,105.37
187,1733991816.9698231,184.712,38.659,37.219,0.13,201.134,31.064,29.886,0.0,184.386,36.415,35.135999999999996,0.09799999999999999,167.95499999999998,58.637,56.608,0.19599999999999998,106.381,100.218,94.259,105.37
188,1733991817.0676043,184.712,38.659,37.219,0.13,201.134,31.064,29.886,0.0,184.386,36.415,35.135999999999996,0.09799999999999999,167.95499999999998,58.637,56.608,0.19599999999999998,106.38,100.218,94.269,105.382
189,1733991817.0718312,184.712,38.659,37.219,0.13,201.134,31.064,29.886,0.0,184.386,36.415,35.135999999999996,0.09799999999999999,167.95499999999998,58.637,56.608,0.19599999999999998,106.38,100.218,94.269,105.382
190,1733991817.168437,184.712,38.659,37.219,0.13,201.134,31.064,29.886,0.0,184.386,36.415,35.135999999999996,0.09799999999999999,167.95499999999998,58.637,56.608,0.19599999999999998,106.394,100.277,94.239,105.432
191,1733991817.1739504,184.712,38.659,37.219,0.13,201.134,31.064,29.886,0.0,184.386,36.415,35.135999999999996,0.09799999999999999,167.95499999999998,58.637,56.608,0.19599999999999998,106.394,100.277,94.239,105.432
192,1733991817.269272,184.712,38.659,37.219,0.13,201.134,31.064,29.886,0.0,184.386,36.415,35.135999999999996,0.09799999999999999,167.95499999999998,58.637,56.608,0.19599999999999998,106.397,100.229,94.254,105.44200000000001
193,1733991817.2759557,184.712,38.659,37.219,0.13,201.134,31.064,29.886,0.0,184.386,36.415,35.135999999999996,0.09799999999999999,167.95499999999998,58.637,56.608,0.19599999999999998,106.397,100.229,94.254,105.44200000000001
194,1733991817.3700662,184.712,38.659,37.219,0.13,201.134,31.064,29.886,0.0,184.386,36.415,35.135999999999996,0.09799999999999999,167.95499999999998,58.637,56.608,0.19599999999999998,106.373,100.208,94.288,105.411
195,1733991817.377742,184.712,38.659,37.219,0.13,201.134,31.064,29.886,0.0,184.386,36.415,35.135999999999996,0.09799999999999999,167.95499999999998,58.637,56.608,0.19599999999999998,106.373,100.208,94.288,105.424
196,1733991817.4709177,184.712,38.659,37.219,0.13,201.134,31.064,29.886,0.0,184.386,36.415,35.135999999999996,0.09799999999999999,167.95499999999998,58.637,56.608,0.19599999999999998,106.351,100.199,94.295,105.424
197,1733991817.479675,184.712,38.659,37.219,0.13,201.134,31.064,29.886,0.0,184.386,36.415,35.135999999999996,0.09799999999999999,167.95499999999998,58.637,56.608,0.19599999999999998,106.351,100.199,94.295,105.407
198,1733991817.5717306,167.6,39.117,37.742,0.19599999999999998,201.469,30.944,29.886,0.008,184.364,36.138,35.123,0.09799999999999999,167.947,56.678999999999995,54.513999999999996,0.327,106.364,100.144,94.265,105.407
199,1733991817.5814836,167.6,39.117,37.742,0.19599999999999998,201.469,30.944,29.886,0.008,184.364,36.138,35.123,0.09799999999999999,167.947,56.678999999999995,54.513999999999996,0.327,106.364,100.144,94.265,105.374
200,1733991817.672529,167.6,39.117,37.742,0.19599999999999998,201.469,30.944,29.886,0.008,184.364,36.138,35.123,0.09799999999999999,167.947,56.678999999999995,54.513999999999996,0.327,106.302,100.165,94.275,105.374
201,1733991817.6831648,167.6,39.117,37.742,0.19599999999999998,201.469,30.944,29.886,0.008,184.364,36.138,35.123,0.09799999999999999,167.947,56.678999999999995,54.513999999999996,0.327,106.302,100.165,94.275,105.337
202,1733991817.7733266,167.6,39.117,37.742,0.19599999999999998,201.469,30.944,29.886,0.008,184.364,36.138,35.123,0.09799999999999999,167.947,56.678999999999995,54.513999999999996,0.327,106.324,100.167,94.28,105.337
203,1733991817.7847223,167.6,39.117,37.742,0.19599999999999998,201.469,30.944,29.886,0.008,184.364,36.138,35.123,0.09799999999999999,167.947,56.678999999999995,54.513999999999996,0.327,106.324,100.167,94.28,105.351
204,1733991817.8741405,167.6,39.117,37.742,0.19599999999999998,201.469,30.944,29.886,0.008,184.364,36.138,35.123,0.09799999999999999,167.947,56.678999999999995,54.513999999999996,0.327,106.35600000000001,100.182,94.269,105.351
205,1733991817.8862615,167.6,39.117,37.742,0.19599999999999998,201.469,30.944,29.886,0.008,184.364,36.138,35.123,0.09799999999999999,167.947,56.678999999999995,54.513999999999996,0.327,106.35600000000001,100.182,94.269,105.381
206,1733991817.9749339,167.6,39.117,37.742,0.19599999999999998,201.469,30.944,29.886,0.008,184.364,36.138,35.123,0.09799999999999999,167.947,56.678999999999995,54.513999999999996,0.327,106.295,100.211,94.267,105.381
207,1733991817.9877958,167.6,39.117,37.742,0.19599999999999998,201.469,30.944,29.886,0.008,184.364,36.138,35.123,0.09799999999999999,167.947,56.678999999999995,54.513999999999996,0.327,106.295,100.211,94.267,105.377
208,1733991818.0757458,167.6,39.117,37.742,0.19599999999999998,201.469,30.944,29.886,0.008,184.364,36.138,35.123,0.09799999999999999,167.947,56.678999999999995,54.513999999999996,0.327,106.289,100.22200000000001,94.261,105.377
209,1733991818.089441,167.6,39.117,37.742,0.19599999999999998,201.469,30.944,29.886,0.008,184.364,36.138,35.123,0.09799999999999999,167.947,56.678999999999995,54.513999999999996,0.327,106.289,100.22200000000001,94.261,105.316
210,1733991818.1765609,167.6,39.117,37.742,0.19599999999999998,201.469,30.944,29.886,0.008,184.364,36.138,35.123,0.09799999999999999,167.947,56.678999999999995,54.513999999999996,0.327,106.247,100.227,94.298,105.316
211,1733991818.1909883,167.6,39.117,37.742,0.19599999999999998,201.469,30.944,29.886,0.008,184.364,36.138,35.123,0.09799999999999999,167.947,56.678999999999995,54.513999999999996,0.327,106.247,100.227,94.298,105.32900000000001
212,1733991818.277387,167.6,39.117,37.742,0.19599999999999998,201.469,30.944,29.886,0.008,184.364,36.138,35.123,0.09799999999999999,167.947,56.678999999999995,54.513999999999996,0.327,106.205,100.259,94.292,105.32900000000001
213,1733991818.2925305,167.6,39.117,37.742,0.19599999999999998,201.469,30.944,29.886,0.008,184.364,36.138,35.123,0.09799999999999999,167.947,56.678999999999995,54.513999999999996,0.327,106.205,100.259,94.292,105.369
214,1733991818.3782175,167.6,39.117,37.742,0.19599999999999998,201.469,30.944,29.886,0.008,184.364,36.138,35.123,0.09799999999999999,167.947,56.678999999999995,54.513999999999996,0.327,106.214,100.253,94.279,105.369
215,1733991818.3941393,167.6,39.117,37.742,0.19599999999999998,201.469,30.944,29.886,0.008,184.364,36.138,35.123,0.09799999999999999,167.947,56.678999999999995,54.513999999999996,0.327,106.214,100.253,94.279,105.385
216,1733991818.4790277,167.6,39.117,37.742,0.19599999999999998,201.469,30.944,29.886,0.008,184.364,36.138,35.123,0.09799999999999999,167.947,56.678999999999995,54.513999999999996,0.327,106.252,100.286,94.283,105.385
217,1733991818.49566,167.6,39.117,37.742,0.19599999999999998,201.469,30.944,29.886,0.008,184.364,36.138,35.123,0.09799999999999999,167.947,56.678999999999995,54.513999999999996,0.327,106.252,100.286,94.283,105.381
218,1733991818.580105,201.46599999999998,39.193,37.753,0.13,201.46599999999998,30.939,29.88,0.008,201.126,36.269999999999996,35.122,0.09799999999999999,150.831,58.702999999999996,56.608,0.261,106.24000000000001,100.306,94.286,105.381
219,1733991818.5972104,201.46599999999998,39.193,37.753,0.13,201.46599999999998,30.939,29.88,0.008,201.126,36.269999999999996,35.122,0.09799999999999999,150.831,58.702999999999996,56.608,0.261,106.24000000000001,100.306,94.286,105.36500000000001
220,1733991818.6834652,201.46599999999998,39.193,37.753,0.13,201.46599999999998,30.939,29.88,0.008,201.126,36.269999999999996,35.122,0.09799999999999999,150.831,58.702999999999996,56.608,0.261,106.262,100.313,94.274,105.36500000000001
221,1733991818.698602,201.46599999999998,39.193,37.753,0.13,201.46599999999998,30.939,29.88,0.008,201.126,36.269999999999996,35.122,0.09799999999999999,150.831,58.702999999999996,56.608,0.261,106.262,100.313,94.274,105.374
222,1733991818.786829,201.46599999999998,39.193,37.753,0.13,201.46599999999998,30.939,29.88,0.008,201.126,36.269999999999996,35.122,0.09799999999999999,150.831,58.702999999999996,56.608,0.261,106.298,100.29,94.263,105.374
223,1733991818.8000062,201.46599999999998,39.193,37.753,0.13,201.46599999999998,30.939,29.88,0.008,201.126,36.269999999999996,35.122,0.09799999999999999,150.831,58.702999999999996,56.608,0.261,106.298,100.29,94.263,105.363
224,1733991818.8909967,201.46599999999998,39.193,37.753,0.13,201.46599999999998,30.939,29.88,0.008,201.126,36.269999999999996,35.122,0.09799999999999999,150.831,58.702999999999996,56.608,0.261,106.31400000000001,100.263,94.276,105.363
225,1733991818.90149,201.46599999999998,39.193,37.753,0.13,201.46599999999998,30.939,29.88,0.008,201.126,36.269999999999996,35.122,0.09799999999999999,150.831,58.702999999999996,56.608,0.261,106.31400000000001,100.263,94.276,105.311
226,1733991818.9932525,201.46599999999998,39.193,37.753,0.13,201.46599999999998,30.939,29.88,0.008,201.126,36.269999999999996,35.122,0.09799999999999999,150.831,58.702999999999996,56.608,0.261,106.35600000000001,100.259,94.281,105.311
227,1733991819.0030932,201.46599999999998,39.193,37.753,0.13,201.46599999999998,30.939,29.88,0.008,201.126,36.269999999999996,35.122,0.09799999999999999,150.831,58.702999999999996,56.608,0.261,106.35600000000001,100.259,94.281,105.312
228,1733991819.0943344,201.46599999999998,39.193,37.753,0.13,201.46599999999998,30.939,29.88,0.008,201.126,36.269999999999996,35.122,0.09799999999999999,150.831,58.702999999999996,56.608,0.261,106.378,100.224,94.327,105.312
229,1733991819.1044471,201.46599999999998,39.193,37.753,0.13,201.46599999999998,30.939,29.88,0.008,201.126,36.269999999999996,35.122,0.09799999999999999,150.831,58.702999999999996,56.608,0.261,106.378,100.224,94.327,105.35000000000001
230,1733991819.195529,201.46599999999998,39.193,37.753,0.13,201.46599999999998,30.939,29.88,0.008,201.126,36.269999999999996,35.122,0.09799999999999999,150.831,58.702999999999996,56.608,0.261,106.418,100.165,94.3,105.35000000000001
231,1733991819.205822,201.46599999999998,39.193,37.753,0.13,201.46599999999998,30.939,29.88,0.008,201.126,36.269999999999996,35.122,0.09799999999999999,150.831,58.702999999999996,56.608,0.261,106.418,100.165,94.3,105.324
232,1733991819.2967896,201.46599999999998,39.193,37.753,0.13,201.46599999999998,30.939,29.88,0.008,201.126,36.269999999999996,35.122,0.09799999999999999,150.831,58.702999999999996,56.608,0.261,106.5,100.194,94.298,105.324
233,1733991819.30723,201.46599999999998,39.193,37.753,0.13,201.46599999999998,30.939,29.88,0.008,201.126,36.269999999999996,35.122,0.09799999999999999,150.831,58.702999999999996,56.608,0.261,106.5,100.194,94.298,105.283
234,1733991819.3981209,201.46599999999998,39.193,37.753,0.13,201.46599999999998,30.939,29.88,0.008,201.126,36.269999999999996,35.122,0.09799999999999999,150.831,58.702999999999996,56.608,0.261,106.486,100.20400000000001,94.315,105.35000000000001
235,1733991819.408445,201.46599999999998,39.193,37.753,0.13,201.46599999999998,30.939,29.88,0.008,201.126,36.269999999999996,35.122,0.09799999999999999,150.831,58.702999999999996,56.608,0.261,106.486,100.20400000000001,94.315,105.35000000000001
236,1733991819.499579,201.46599999999998,39.193,37.753,0.13,201.46599999999998,30.939,29.88,0.008,201.126,36.269999999999996,35.122,0.09799999999999999,150.831,58.702999999999996,56.608,0.261,106.471,100.187,94.295,105.337
237,1733991819.5097272,201.46599999999998,39.193,37.753,0.13,201.46599999999998,30.939,29.88,0.008,201.126,36.269999999999996,35.122,0.09799999999999999,150.831,58.702999999999996,56.608,0.261,106.471,100.187,94.295,105.337
238,1733991819.6005735,184.71099999999998,39.062,37.751999999999995,0.131,201.469,30.677,29.618,0.008,201.15599999999998,36.278999999999996,35.134,0.09799999999999999,167.6,59.007999999999996,56.650999999999996,0.261,106.479,100.181,94.275,105.345
239,1733991819.6110475,184.71099999999998,39.062,37.751999999999995,0.131,201.469,30.677,29.618,0.008,201.15599999999998,36.278999999999996,35.134,0.09799999999999999,167.6,59.007999999999996,56.650999999999996,0.261,106.479,100.181,94.275,105.345
240,1733991819.701629,184.71099999999998,39.062,37.751999999999995,0.131,201.469,30.677,29.618,0.008,201.15599999999998,36.278999999999996,35.134,0.09799999999999999,167.6,59.007999999999996,56.650999999999996,0.261,106.522,100.186,94.27,105.354
241,1733991819.712365,184.71099999999998,39.062,37.751999999999995,0.131,201.469,30.677,29.618,0.008,201.15599999999998,36.278999999999996,35.134,0.09799999999999999,167.6,59.007999999999996,56.650999999999996,0.261,106.522,100.186,94.27,105.354
242,1733991819.8027213,184.71099999999998,39.062,37.751999999999995,0.131,201.469,30.677,29.618,0.008,201.15599999999998,36.278999999999996,35.134,0.09799999999999999,167.6,59.007999999999996,56.650999999999996,0.261,106.47,100.227,94.305,105.35000000000001
243,1733991819.8136697,184.71099999999998,39.062,37.751999999999995,0.131,201.469,30.677,29.618,0.008,201.15599999999998,36.278999999999996,35.134,0.09799999999999999,167.6,59.007999999999996,56.650999999999996,0.261,106.47,100.227,94.305,105.35000000000001
244,1733991819.9035797,184.71099999999998,39.062,37.751999999999995,0.131,201.469,30.677,29.618,0.008,201.15599999999998,36.278999999999996,35.134,0.09799999999999999,167.6,59.007999999999996,56.650999999999996,0.261,106.455,100.215,94.275,105.415
245,1733991819.9149992,184.71099999999998,39.062,37.751999999999995,0.131,201.469,30.677,29.618,0.008,201.15599999999998,36.278999999999996,35.134,0.09799999999999999,167.6,59.007999999999996,56.650999999999996,0.261,106.455,100.215,94.275,105.415
246,1733991820.004463,184.71099999999998,39.062,37.751999999999995,0.131,201.469,30.677,29.618,0.008,201.15599999999998,36.278999999999996,35.134,0.09799999999999999,167.6,59.007999999999996,56.650999999999996,0.261,106.44500000000001,100.217,94.257,105.415
247,1733991820.0163858,184.71099999999998,39.062,37.751999999999995,0.131,201.469,30.677,29.618,0.008,201.15599999999998,36.278999999999996,35.134,0.09799999999999999,167.6,59.007999999999996,56.650999999999996,0.261,106.44500000000001,100.217,94.257,105.402
248,1733991820.1052916,184.71099999999998,39.062,37.751999999999995,0.131,201.469,30.677,29.618,0.008,201.15599999999998,36.278999999999996,35.134,0.09799999999999999,167.6,59.007999999999996,56.650999999999996,0.261,106.45,100.263,94.20100000000001,105.402
249,1733991820.1171753,184.71099999999998,39.062,37.751999999999995,0.131,201.469,30.677,29.618,0.008,201.15599999999998,36.278999999999996,35.134,0.09799999999999999,167.6,59.007999999999996,56.650999999999996,0.261,106.45,100.263,94.20100000000001,105.393
250,1733991820.2061045,184.71099999999998,39.062,37.751999999999995,0.131,201.469,30.677,29.618,0.008,201.15599999999998,36.278999999999996,35.134,0.09799999999999999,167.6,59.007999999999996,56.650999999999996,0.261,106.433,100.301,94.214,105.393
251,1733991820.2179203,184.71099999999998,39.062,37.751999999999995,0.131,201.469,30.677,29.618,0.008,201.15599999999998,36.278999999999996,35.134,0.09799999999999999,167.6,59.007999999999996,56.650999999999996,0.261,106.433,100.301,94.214,105.39
252,1733991820.3069563,184.71099999999998,39.062,37.751999999999995,0.131,201.469,30.677,29.618,0.008,201.15599999999998,36.278999999999996,35.134,0.09799999999999999,167.6,59.007999999999996,56.650999999999996,0.261,106.374,100.284,94.218,105.39
253,1733991820.3187184,184.71099999999998,39.062,37.751999999999995,0.131,201.469,30.677,29.618,0.008,201.15599999999998,36.278999999999996,35.134,0.09799999999999999,167.6,59.007999999999996,56.650999999999996,0.261,106.374,100.284,94.218,105.371
254,1733991820.407776,184.71099999999998,39.062,37.751999999999995,0.131,201.469,30.677,29.618,0.008,201.15599999999998,36.278999999999996,35.134,0.09799999999999999,167.6,59.007999999999996,56.650999999999996,0.261,106.382,100.296,94.20400000000001,105.371
255,1733991820.4195027,184.71099999999998,39.062,37.751999999999995,0.131,201.469,30.677,29.618,0.008,201.15599999999998,36.278999999999996,35.134,0.09799999999999999,167.6,59.007999999999996,56.650999999999996,0.261,106.382,100.296,94.20400000000001,105.352
256,1733991820.508605,184.71099999999998,39.062,37.751999999999995,0.131,201.469,30.677,29.618,0.008,201.15599999999998,36.278999999999996,35.134,0.09799999999999999,167.6,59.007999999999996,56.650999999999996,0.261,106.387,100.265,94.20700000000001,105.352
257,1733991820.5202386,184.71099999999998,39.062,37.751999999999995,0.131,201.469,30.677,29.618,0.008,201.15599999999998,36.278999999999996,35.134,0.09799999999999999,167.6,59.007999999999996,56.650999999999996,0.261,106.387,100.265,94.20700000000001,105.386
258,1733991820.6146908,184.706,39.196999999999996,37.754,0.13,201.46599999999998,31.067,29.886,0.0,184.707,36.268,35.123,0.09799999999999999,167.947,56.678999999999995,54.513,0.327,106.4,100.27,94.20100000000001,105.386
259,1733991820.6210065,184.706,39.196999999999996,37.754,0.13,201.46599999999998,31.067,29.886,0.0,184.707,36.268,35.123,0.09799999999999999,167.947,56.678999999999995,54.513,0.327,106.4,100.27,94.20100000000001,105.407
260,1733991820.7195182,184.706,39.196999999999996,37.754,0.13,201.46599999999998,31.067,29.886,0.0,184.707,36.268,35.123,0.09799999999999999,167.947,56.678999999999995,54.513,0.327,106.387,100.246,94.197,105.411
261,1733991820.7218194,184.706,39.196999999999996,37.754,0.13,201.46599999999998,31.067,29.886,0.0,184.707,36.268,35.123,0.09799999999999999,167.947,56.678999999999995,54.513,0.327,106.387,100.246,94.197,105.411
262,1733991820.8231416,184.706,39.196999999999996,37.754,0.13,201.46599999999998,31.067,29.886,0.0,184.707,36.268,35.123,0.09799999999999999,167.947,56.678999999999995,54.513,0.327,106.44200000000001,100.23,94.19200000000001,105.389
263,1733991820.8247044,184.706,39.196999999999996,37.754,0.13,201.46599999999998,31.067,29.886,0.0,184.707,36.268,35.123,0.09799999999999999,167.947,56.678999999999995,54.513,0.327,106.44200000000001,100.23,94.19200000000001,105.389
264,1733991820.9257333,184.706,39.196999999999996,37.754,0.13,201.46599999999998,31.067,29.886,0.0,184.707,36.268,35.123,0.09799999999999999,167.947,56.678999999999995,54.513,0.327,106.427,100.262,94.20700000000001,105.391
265,1733991820.92923,184.706,39.196999999999996,37.754,0.13,201.46599999999998,31.067,29.886,0.0,184.707,36.268,35.123,0.09799999999999999,167.947,56.678999999999995,54.513,0.327,106.427,100.262,94.20700000000001,105.391
266,1733991821.026548,184.706,39.196999999999996,37.754,0.13,201.46599999999998,31.067,29.886,0.0,184.707,36.268,35.123,0.09799999999999999,167.947,56.678999999999995,54.513,0.327,106.444,100.284,94.223,105.411
267,1733991821.032208,184.706,39.196999999999996,37.754,0.13,201.46599999999998,31.067,29.886,0.0,184.707,36.268,35.123,0.09799999999999999,167.947,56.678999999999995,54.513,0.327,106.444,100.284,94.223,105.411
268,1733991821.1274178,184.706,39.196999999999996,37.754,0.13,201.46599999999998,31.067,29.886,0.0,184.707,36.268,35.123,0.09799999999999999,167.947,56.678999999999995,54.513,0.327,106.418,100.288,94.236,105.418
269,1733991821.1347907,184.706,39.196999999999996,37.754,0.13,201.46599999999998,31.067,29.886,0.0,184.707,36.268,35.123,0.09799999999999999,167.947,56.678999999999995,54.513,0.327,106.418,100.288,94.236,105.418
270,1733991821.228221,184.706,39.196999999999996,37.754,0.13,201.46599999999998,31.067,29.886,0.0,184.707,36.268,35.123,0.09799999999999999,167.947,56.678999999999995,54.513,0.327,106.382,100.301,94.241,105.411
271,1733991821.2359521,184.706,39.196999999999996,37.754,0.13,201.46599999999998,31.067,29.886,0.0,184.707,36.268,35.123,0.09799999999999999,167.947,56.678999999999995,54.513,0.327,106.382,100.301,94.241,105.411
272,1733991821.329068,184.706,39.196999999999996,37.754,0.13,201.46599999999998,31.067,29.886,0.0,184.707,36.268,35.123,0.09799999999999999,167.947,56.678999999999995,54.513,0.327,106.399,100.34,94.24,105.45400000000001
273,1733991821.336741,184.706,39.196999999999996,37.754,0.13,201.46599999999998,31.067,29.886,0.0,184.707,36.268,35.123,0.09799999999999999,167.947,56.678999999999995,54.513,0.327,106.399,100.34,94.24,105.45400000000001
274,1733991821.4299014,184.706,39.196999999999996,37.754,0.13,201.46599999999998,31.067,29.886,0.0,184.707,36.268,35.123,0.09799999999999999,167.947,56.678999999999995,54.513,0.327,106.443,100.351,94.256,105.379
275,1733991821.4375544,184.706,39.196999999999996,37.754,0.13,201.46599999999998,31.067,29.886,0.0,184.707,36.268,35.123,0.09799999999999999,167.947,56.678999999999995,54.513,0.327,106.443,100.351,94.256,105.379
276,1733991821.5306797,184.706,39.196999999999996,37.754,0.13,201.46599999999998,31.067,29.886,0.0,184.707,36.268,35.123,0.09799999999999999,167.947,56.678999999999995,54.513,0.327,106.405,100.393,94.25,105.302
277,1733991821.538345,184.706,39.196999999999996,37.754,0.13,201.46599999999998,31.067,29.886,0.0,184.707,36.268,35.123,0.09799999999999999,167.947,56.678999999999995,54.513,0.327,106.405,100.393,94.25,105.302
278,1733991821.6314871,167.605,39.248,37.742,0.19599999999999998,201.483,30.942,29.886,0.008,184.706,36.827999999999996,35.647999999999996,0.13,151.19,56.61,54.513,0.263,106.398,100.397,94.291,105.31
279,1733991821.6391368,167.605,39.248,37.742,0.19599999999999998,201.483,30.942,29.886,0.008,184.706,36.827999999999996,35.647999999999996,0.13,151.19,56.61,54.513,0.263,106.398,100.397,94.291,105.31
280,1733991821.732294,167.605,39.248,37.742,0.19599999999999998,201.483,30.942,29.886,0.008,184.706,36.827999999999996,35.647999999999996,0.13,151.19,56.61,54.513,0.263,106.4,100.408,94.298,105.28
281,1733991821.7399628,167.605,39.248,37.742,0.19599999999999998,201.483,30.942,29.886,0.008,184.706,36.827999999999996,35.647999999999996,0.13,151.19,56.61,54.513,0.263,106.4,100.408,94.298,105.28
282,1733991821.8331132,167.605,39.248,37.742,0.19599999999999998,201.483,30.942,29.886,0.008,184.706,36.827999999999996,35.647999999999996,0.13,151.19,56.61,54.513,0.263,106.385,100.385,94.273,105.287
283,1733991821.8407671,167.605,39.248,37.742,0.19599999999999998,201.483,30.942,29.886,0.008,184.706,36.827999999999996,35.647999999999996,0.13,151.19,56.61,54.513,0.263,106.385,100.385,94.273,105.287
284,1733991821.933899,167.605,39.248,37.742,0.19599999999999998,201.483,30.942,29.886,0.008,184.706,36.827999999999996,35.647999999999996,0.13,151.19,56.61,54.513,0.263,106.382,100.354,94.266,105.255
285,1733991821.941569,167.605,39.248,37.742,0.19599999999999998,201.483,30.942,29.886,0.008,184.706,36.827999999999996,35.647999999999996,0.13,151.19,56.61,54.513,0.263,106.382,100.354,94.266,105.255
286,1733991822.0348191,167.605,39.248,37.742,0.19599999999999998,201.483,30.942,29.886,0.008,184.706,36.827999999999996,35.647999999999996,0.13,151.19,56.61,54.513,0.263,106.419,100.307,94.26,105.255
287,1733991822.0424087,167.605,39.248,37.742,0.19599999999999998,201.483,30.942,29.886,0.008,184.706,36.827999999999996,35.647999999999996,0.13,151.19,56.61,54.513,0.263,106.419,100.307,94.26,105.26
288,1733991822.1358604,167.605,39.248,37.742,0.19599999999999998,201.483,30.942,29.886,0.008,184.706,36.827999999999996,35.647999999999996,0.13,151.19,56.61,54.513,0.263,106.411,100.243,94.313,105.29
289,1733991822.1432102,167.605,39.248,37.742,0.19599999999999998,201.483,30.942,29.886,0.008,184.706,36.827999999999996,35.647999999999996,0.13,151.19,56.61,54.513,0.263,106.411,100.243,94.313,105.29
290,1733991822.2368941,167.605,39.248,37.742,0.19599999999999998,201.483,30.942,29.886,0.008,184.706,36.827999999999996,35.647999999999996,0.13,151.19,56.61,54.513,0.263,106.45400000000001,100.224,94.284,105.35300000000001
291,1733991822.24398,167.605,39.248,37.742,0.19599999999999998,201.483,30.942,29.886,0.008,184.706,36.827999999999996,35.647999999999996,0.13,151.19,56.61,54.513,0.263,106.45400000000001,100.224,94.284,105.35300000000001
292,1733991822.3377388,167.605,39.248,37.742,0.19599999999999998,201.483,30.942,29.886,0.008,184.706,36.827999999999996,35.647999999999996,0.13,151.19,56.61,54.513,0.263,106.47500000000001,100.202,94.298,105.337
293,1733991822.3447583,167.605,39.248,37.742,0.19599999999999998,201.483,30.942,29.886,0.008,184.706,36.827999999999996,35.647999999999996,0.13,151.19,56.61,54.513,0.263,106.47500000000001,100.202,94.298,105.337
294,1733991822.4385605,167.605,39.248,37.742,0.19599999999999998,201.483,30.942,29.886,0.008,184.706,36.827999999999996,35.647999999999996,0.13,151.19,56.61,54.513,0.263,106.391,100.175,94.288,105.384
295,1733991822.4455574,167.605,39.248,37.742,0.19599999999999998,201.483,30.942,29.886,0.008,184.706,36.827999999999996,35.647999999999996,0.13,151.19,56.61,54.513,0.263,106.391,100.175,94.288,105.384
296,1733991822.53938,167.605,39.248,37.742,0.19599999999999998,201.483,30.942,29.886,0.008,184.706,36.827999999999996,35.647999999999996,0.13,151.19,56.61,54.513,0.263,106.385,100.186,94.32900000000001,105.418
297,1733991822.5463095,167.605,39.248,37.742,0.19599999999999998,201.483,30.942,29.886,0.008,184.706,36.827999999999996,35.647999999999996,0.13,151.19,56.61,54.513,0.263,106.385,100.186,94.32900000000001,105.418
298,1733991822.6451616,184.374,39.083999999999996,37.742,0.163,201.117,31.203,30.147,0.008,184.72299999999998,36.367,35.123,0.065,151.19,56.657,54.556,0.263,106.383,100.19800000000001,94.32000000000001,105.405
299,1733991822.6471252,184.374,39.083999999999996,37.742,0.163,201.117,31.203,30.147,0.008,184.72299999999998,36.367,35.123,0.065,151.19,56.657,54.556,0.263,106.383,100.19800000000001,94.32000000000001,105.405
300,1733991822.749413,184.374,39.083999999999996,37.742,0.163,201.117,31.203,30.147,0.008,184.72299999999998,36.367,35.123,0.065,151.19,56.657,54.556,0.263,106.325,100.218,94.34,105.399
301,1733991822.7510233,184.374,39.083999999999996,37.742,0.163,201.117,31.203,30.147,0.008,184.72299999999998,36.367,35.123,0.065,151.19,56.657,54.556,0.263,106.325,100.218,94.34,105.399
302,1733991822.852208,184.374,39.083999999999996,37.742,0.163,201.117,31.203,30.147,0.008,184.72299999999998,36.367,35.123,0.065,151.19,56.657,54.556,0.263,106.33500000000001,100.233,94.33200000000001,105.417
303,1733991822.855908,184.374,39.083999999999996,37.742,0.163,201.117,31.203,30.147,0.008,184.72299999999998,36.367,35.123,0.065,151.19,56.657,54.556,0.263,106.33500000000001,100.233,94.33200000000001,105.417
304,1733991822.9542205,184.374,39.083999999999996,37.742,0.163,201.117,31.203,30.147,0.008,184.72299999999998,36.367,35.123,0.065,151.19,56.657,54.556,0.263,106.369,100.277,94.378,105.413
305,1733991822.9587042,184.374,39.083999999999996,37.742,0.163,201.117,31.203,30.147,0.008,184.72299999999998,36.367,35.123,0.065,151.19,56.657,54.556,0.263,106.369,100.277,94.378,105.413
306,1733991823.056539,184.374,39.083999999999996,37.742,0.163,201.117,31.203,30.147,0.008,184.72299999999998,36.367,35.123,0.065,151.19,56.657,54.556,0.263,106.302,100.289,94.389,105.402
307,1733991823.061261,184.374,39.083999999999996,37.742,0.163,201.117,31.203,30.147,0.008,184.72299999999998,36.367,35.123,0.065,151.19,56.657,54.556,0.263,106.302,100.289,94.389,105.402
308,1733991823.1582088,184.374,39.083999999999996,37.742,0.163,201.117,31.203,30.147,0.008,184.72299999999998,36.367,35.123,0.065,151.19,56.657,54.556,0.263,106.35900000000001,100.309,94.388,105.307
309,1733991823.1634865,184.374,39.083999999999996,37.742,0.163,201.117,31.203,30.147,0.008,184.72299999999998,36.367,35.123,0.065,151.19,56.657,54.556,0.263,106.35900000000001,100.309,94.388,105.307
310,1733991823.259069,184.374,39.083999999999996,37.742,0.163,201.117,31.203,30.147,0.008,184.72299999999998,36.367,35.123,0.065,151.19,56.657,54.556,0.263,106.372,100.283,94.386,105.312
311,1733991823.264572,184.374,39.083999999999996,37.742,0.163,201.117,31.203,30.147,0.008,184.72299999999998,36.367,35.123,0.065,151.19,56.657,54.556,0.263,106.372,100.283,94.386,105.312
312,1733991823.3598962,184.374,39.083999999999996,37.742,0.163,201.117,31.203,30.147,0.008,184.72299999999998,36.367,35.123,0.065,151.19,56.657,54.556,0.263,106.371,100.266,94.361,105.34700000000001
313,1733991823.3653586,184.374,39.083999999999996,37.742,0.163,201.117,31.203,30.147,0.008,184.72299999999998,36.367,35.123,0.065,151.19,56.657,54.556,0.263,106.371,100.266,94.361,105.34700000000001
314,1733991823.4607134,184.374,39.083999999999996,37.742,0.163,201.117,31.203,30.147,0.008,184.72299999999998,36.367,35.123,0.065,151.19,56.657,54.556,0.263,106.406,100.246,94.363,105.311
315,1733991823.466161,184.374,39.083999999999996,37.742,0.163,201.117,31.203,30.147,0.008,184.72299999999998,36.367,35.123,0.065,151.19,56.657,54.556,0.263,106.406,100.246,94.363,105.311
316,1733991823.5614986,184.374,39.083999999999996,37.742,0.163,201.117,31.203,30.147,0.008,184.72299999999998,36.367,35.123,0.065,151.19,56.657,54.556,0.263,106.387,100.229,94.348,105.316
317,1733991823.5684278,184.374,39.083999999999996,37.742,0.163,201.117,31.203,30.147,0.008,184.72299999999998,36.367,35.123,0.065,151.19,56.657,54.556,0.263,106.387,100.229,94.348,105.316
318,1733991823.662307,184.702,38.662,37.219,0.131,217.81099999999998,30.945,29.886999999999997,0.008,184.71599999999998,36.269,35.123,0.09799999999999999,167.644,59.068,56.647,0.327,106.422,100.21900000000001,94.357,105.308
319,1733991823.6720393,184.702,38.662,37.219,0.131,217.81099999999998,30.945,29.886999999999997,0.008,184.71599999999998,36.269,35.123,0.09799999999999999,167.644,59.068,56.647,0.327,106.422,100.21900000000001,94.343,105.308
320,1733991823.7631168,184.702,38.662,37.219,0.131,217.81099999999998,30.945,29.886999999999997,0.008,184.71599999999998,36.269,35.123,0.09799999999999999,167.644,59.068,56.647,0.327,106.467,100.161,94.343,105.312
321,1733991823.7747066,184.702,38.662,37.219,0.131,217.81099999999998,30.945,29.886999999999997,0.008,184.71599999999998,36.269,35.123,0.09799999999999999,167.644,59.068,56.647,0.327,106.467,100.161,94.34,105.312
322,1733991823.8639276,184.702,38.662,37.219,0.131,217.81099999999998,30.945,29.886999999999997,0.008,184.71599999999998,36.269,35.123,0.09799999999999999,167.644,59.068,56.647,0.327,106.461,100.121,94.34,105.296
323,1733991823.8755274,184.702,38.662,37.219,0.131,217.81099999999998,30.945,29.886999999999997,0.008,184.71599999999998,36.269,35.123,0.09799999999999999,167.644,59.068,56.647,0.327,106.461,100.121,94.304,105.296
324,1733991823.964775,184.702,38.662,37.219,0.131,217.81099999999998,30.945,29.886999999999997,0.008,184.71599999999998,36.269,35.123,0.09799999999999999,167.644,59.068,56.647,0.327,106.464,100.09700000000001,94.304,105.264
325,1733991823.976292,184.702,38.662,37.219,0.131,217.81099999999998,30.945,29.886999999999997,0.008,184.71599999999998,36.269,35.123,0.09799999999999999,167.644,59.068,56.647,0.327,106.464,100.09700000000001,94.265,105.264
326,1733991824.0656087,184.702,38.662,37.219,0.131,217.81099999999998,30.945,29.886999999999997,0.008,184.71599999999998,36.269,35.123,0.09799999999999999,167.644,59.068,56.647,0.327,106.506,100.098,94.265,105.25
327,1733991824.0770855,184.702,38.662,37.219,0.131,217.81099999999998,30.945,29.886999999999997,0.008,184.71599999999998,36.269,35.123,0.09799999999999999,167.644,59.068,56.647,0.327,106.506,100.098,94.261,105.25
328,1733991824.166421,184.702,38.662,37.219,0.131,217.81099999999998,30.945,29.886999999999997,0.008,184.71599999999998,36.269,35.123,0.09799999999999999,167.644,59.068,56.647,0.327,106.46600000000001,100.138,94.261,105.246
329,1733991824.17789,184.702,38.662,37.219,0.131,217.81099999999998,30.945,29.886999999999997,0.008,184.71599999999998,36.269,35.123,0.09799999999999999,167.644,59.068,56.647,0.327,106.46600000000001,100.138,94.27,105.246
330,1733991824.267246,184.702,38.662,37.219,0.131,217.81099999999998,30.945,29.886999999999997,0.008,184.71599999999998,36.269,35.123,0.09799999999999999,167.644,59.068,56.647,0.327,106.476,100.156,94.27,105.22200000000001
331,1733991824.2787082,184.702,38.662,37.219,0.131,217.81099999999998,30.945,29.886999999999997,0.008,184.71599999999998,36.269,35.123,0.09799999999999999,167.644,59.068,56.647,0.327,106.476,100.156,94.27,105.22200000000001
332,1733991824.36804,184.702,38.662,37.219,0.131,217.81099999999998,30.945,29.886999999999997,0.008,184.71599999999998,36.269,35.123,0.09799999999999999,167.644,59.068,56.647,0.327,106.514,100.203,94.29,105.191
333,1733991824.3795352,184.702,38.662,37.219,0.131,217.81099999999998,30.945,29.886999999999997,0.008,184.71599999999998,36.269,35.123,0.09799999999999999,167.644,59.068,56.647,0.327,106.514,100.203,94.29,105.191
334,1733991824.4688387,184.702,38.662,37.219,0.131,217.81099999999998,30.945,29.886999999999997,0.008,184.71599999999998,36.269,35.123,0.09799999999999999,167.644,59.068,56.647,0.327,106.529,100.196,94.273,105.176
335,1733991824.4803379,184.702,38.662,37.219,0.131,217.81099999999998,30.945,29.886999999999997,0.008,184.71599999999998,36.269,35.123,0.09799999999999999,167.644,59.068,56.647,0.327,106.529,100.196,94.273,105.176
336,1733991824.5696576,184.702,38.662,37.219,0.131,217.81099999999998,30.945,29.886999999999997,0.008,184.71599999999998,36.269,35.123,0.09799999999999999,167.644,59.068,56.647,0.327,106.575,100.2,94.273,105.19
337,1733991824.581095,184.702,38.662,37.219,0.131,217.81099999999998,30.945,29.886999999999997,0.008,184.71599999999998,36.269,35.123,0.09799999999999999,167.644,59.068,56.647,0.327,106.575,100.2,94.273,105.19
338,1733991824.6742861,184.364,39.086999999999996,37.742,0.163,201.385,31.325,30.147,0.0,201.112,36.138,35.123,0.09799999999999999,150.843,56.346,54.513,0.261,106.569,100.186,94.294,105.203
339,1733991824.6819105,184.364,39.086999999999996,37.742,0.163,201.385,31.325,30.147,0.0,201.112,36.138,35.123,0.09799999999999999,150.843,56.346,54.513,0.261,106.569,100.186,94.294,105.203
340,1733991824.7766192,184.364,39.086999999999996,37.742,0.163,201.385,31.325,30.147,0.0,201.112,36.138,35.123,0.09799999999999999,150.843,56.346,54.513,0.261,106.535,100.236,94.296,105.239
341,1733991824.7827082,184.364,39.086999999999996,37.742,0.163,201.385,31.325,30.147,0.0,201.112,36.138,35.123,0.09799999999999999,150.843,56.346,54.513,0.261,106.535,100.236,94.296,105.239
342,1733991824.8787613,184.364,39.086999999999996,37.742,0.163,201.385,31.325,30.147,0.0,201.112,36.138,35.123,0.09799999999999999,150.843,56.346,54.513,0.261,106.548,100.238,94.31,105.215
343,1733991824.8834748,184.364,39.086999999999996,37.742,0.163,201.385,31.325,30.147,0.0,201.112,36.138,35.123,0.09799999999999999,150.843,56.346,54.513,0.261,106.548,100.238,94.31,105.215
344,1733991824.9813251,184.364,39.086999999999996,37.742,0.163,201.385,31.325,30.147,0.0,201.112,36.138,35.123,0.09799999999999999,150.843,56.346,54.513,0.261,106.535,100.246,94.315,105.278
345,1733991824.9842982,184.364,39.086999999999996,37.742,0.163,201.385,31.325,30.147,0.0,201.112,36.138,35.123,0.09799999999999999,150.843,56.346,54.513,0.261,106.535,100.246,94.315,105.278
346,1733991825.0828457,184.364,39.086999999999996,37.742,0.163,201.385,31.325,30.147,0.0,201.112,36.138,35.123,0.09799999999999999,150.843,56.346,54.513,0.261,106.508,100.206,94.357,105.328
347,1733991825.0865736,184.364,39.086999999999996,37.742,0.163,201.385,31.325,30.147,0.0,201.112,36.138,35.123,0.09799999999999999,150.843,56.346,54.513,0.261,106.508,100.206,94.357,105.328
348,1733991825.1836414,184.364,39.086999999999996,37.742,0.163,201.385,31.325,30.147,0.0,201.112,36.138,35.123,0.09799999999999999,150.843,56.346,54.513,0.261,106.545,100.209,94.33800000000001,105.393
349,1733991825.1886907,184.364,39.086999999999996,37.742,0.163,201.385,31.325,30.147,0.0,201.112,36.138,35.123,0.09799999999999999,150.843,56.346,54.513,0.261,106.545,100.209,94.301,105.393
350,1733991825.284454,184.364,39.086999999999996,37.742,0.163,201.385,31.325,30.147,0.0,201.112,36.138,35.123,0.09799999999999999,150.843,56.346,54.513,0.261,106.568,100.167,94.301,105.404
351,1733991825.2905762,184.364,39.086999999999996,37.742,0.163,201.385,31.325,30.147,0.0,201.112,36.138,35.123,0.09799999999999999,150.843,56.346,54.513,0.261,106.568,100.167,94.301,105.404
352,1733991825.3852286,184.364,39.086999999999996,37.742,0.163,201.385,31.325,30.147,0.0,201.112,36.138,35.123,0.09799999999999999,150.843,56.346,54.513,0.261,106.538,100.182,94.294,105.502
353,1733991825.3936334,184.364,39.086999999999996,37.742,0.163,201.385,31.325,30.147,0.0,201.112,36.138,35.123,0.09799999999999999,150.843,56.346,54.513,0.261,106.538,100.182,94.33800000000001,105.502
354,1733991825.486039,184.364,39.086999999999996,37.742,0.163,201.385,31.325,30.147,0.0,201.112,36.138,35.123,0.09799999999999999,150.843,56.346,54.513,0.261,106.557,100.20400000000001,94.33800000000001,105.566
355,1733991825.4945574,184.364,39.086999999999996,37.742,0.163,201.385,31.325,30.147,0.0,201.112,36.138,35.123,0.09799999999999999,150.843,56.346,54.513,0.261,106.557,100.20400000000001,94.34400000000001,105.566
356,1733991825.586825,184.364,39.086999999999996,37.742,0.163,201.385,31.325,30.147,0.0,201.112,36.138,35.123,0.09799999999999999,150.843,56.346,54.513,0.261,106.536,100.19800000000001,94.34400000000001,105.515
357,1733991825.595356,184.364,39.086999999999996,37.742,0.163,201.385,31.325,30.147,0.0,201.112,36.138,35.123,0.09799999999999999,150.843,56.346,54.513,0.261,106.536,100.19800000000001,94.339,105.515
358,1733991825.6950343,167.94899999999998,39.217,37.744,0.16399999999999998,201.46599999999998,31.334999999999997,30.148,0.008,184.35,36.278999999999996,35.134,0.09799999999999999,167.60999999999999,58.708,56.608,0.261,106.542,100.244,94.33200000000001,105.534
359,1733991825.6968522,167.94899999999998,39.217,37.744,0.16399999999999998,201.46599999999998,31.334999999999997,30.148,0.008,184.35,36.278999999999996,35.134,0.09799999999999999,167.60999999999999,58.708,56.608,0.261,106.542,100.244,94.33200000000001,105.534
360,1733991825.7983935,167.94899999999998,39.217,37.744,0.16399999999999998,201.46599999999998,31.334999999999997,30.148,0.008,184.35,36.278999999999996,35.134,0.09799999999999999,167.60999999999999,58.708,56.608,0.261,106.568,100.287,94.34400000000001,105.501
361,1733991825.802312,167.94899999999998,39.217,37.744,0.16399999999999998,201.46599999999998,31.334999999999997,30.148,0.008,184.35,36.278999999999996,35.134,0.09799999999999999,167.60999999999999,58.708,56.608,0.261,106.568,100.287,94.34400000000001,105.501
362,1733991825.8997154,167.94899999999998,39.217,37.744,0.16399999999999998,201.46599999999998,31.334999999999997,30.148,0.008,184.35,36.278999999999996,35.134,0.09799999999999999,167.60999999999999,58.708,56.608,0.261,106.547,100.305,94.369,105.517
363,1733991825.9043636,167.94899999999998,39.217,37.744,0.16399999999999998,201.46599999999998,31.334999999999997,30.148,0.008,184.35,36.278999999999996,35.134,0.09799999999999999,167.60999999999999,58.708,56.608,0.261,106.547,100.305,94.369,105.517
364,1733991826.0004501,167.94899999999998,39.217,37.744,0.16399999999999998,201.46599999999998,31.334999999999997,30.148,0.008,184.35,36.278999999999996,35.134,0.09799999999999999,167.60999999999999,58.708,56.608,0.261,106.534,100.321,94.352,105.509
365,1733991826.0051527,167.94899999999998,39.217,37.744,0.16399999999999998,201.46599999999998,31.334999999999997,30.148,0.008,184.35,36.278999999999996,35.134,0.09799999999999999,167.60999999999999,58.708,56.608,0.261,106.534,100.321,94.352,105.509
366,1733991826.1012626,167.94899999999998,39.217,37.744,0.16399999999999998,201.46599999999998,31.334999999999997,30.148,0.008,184.35,36.278999999999996,35.134,0.09799999999999999,167.60999999999999,58.708,56.608,0.261,106.546,100.388,94.334,105.489
367,1733991826.1066868,167.94899999999998,39.217,37.744,0.16399999999999998,201.46599999999998,31.334999999999997,30.148,0.008,184.35,36.278999999999996,35.134,0.09799999999999999,167.60999999999999,58.708,56.608,0.261,106.546,100.388,94.334,105.489
368,1733991826.2020597,167.94899999999998,39.217,37.744,0.16399999999999998,201.46599999999998,31.334999999999997,30.148,0.008,184.35,36.278999999999996,35.134,0.09799999999999999,167.60999999999999,58.708,56.608,0.261,106.5,100.376,94.35300000000001,105.494
369,1733991826.2094853,167.94899999999998,39.217,37.744,0.16399999999999998,201.46599999999998,31.334999999999997,30.148,0.008,184.35,36.278999999999996,35.134,0.09799999999999999,167.60999999999999,58.708,56.608,0.261,106.5,100.376,94.35300000000001,105.494
370,1733991826.302828,167.94899999999998,39.217,37.744,0.16399999999999998,201.46599999999998,31.334999999999997,30.148,0.008,184.35,36.278999999999996,35.134,0.09799999999999999,167.60999999999999,58.708,56.608,0.261,106.482,100.404,94.35300000000001,105.45400000000001
371,1733991826.3120315,167.94899999999998,39.217,37.744,0.16399999999999998,201.46599999999998,31.334999999999997,30.148,0.008,184.35,36.278999999999996,35.134,0.09799999999999999,167.60999999999999,58.708,56.608,0.261,106.482,100.404,94.364,105.45400000000001
372,1733991826.4036167,167.94899999999998,39.217,37.744,0.16399999999999998,201.46599999999998,31.334999999999997,30.148,0.008,184.35,36.278999999999996,35.134,0.09799999999999999,167.60999999999999,58.708,56.608,0.261,106.48400000000001,100.382,94.364,105.364
373,1733991826.414634,167.94899999999998,39.217,37.744,0.16399999999999998,201.46599999999998,31.334999999999997,30.148,0.008,184.35,36.278999999999996,35.134,0.09799999999999999,167.60999999999999,58.708,56.608,0.261,106.48400000000001,100.382,94.336,105.364
374,1733991826.5044127,167.94899999999998,39.217,37.744,0.16399999999999998,201.46599999999998,31.334999999999997,30.148,0.008,184.35,36.278999999999996,35.134,0.09799999999999999,167.60999999999999,58.708,56.608,0.261,106.482,100.387,94.336,105.357
375,1733991826.5176432,167.94899999999998,39.217,37.744,0.16399999999999998,201.46599999999998,31.334999999999997,30.148,0.008,184.35,36.278999999999996,35.134,0.09799999999999999,167.60999999999999,58.708,56.608,0.261,106.482,100.387,94.324,105.357
376,1733991826.605213,167.94899999999998,39.217,37.744,0.16399999999999998,201.46599999999998,31.334999999999997,30.148,0.008,184.35,36.278999999999996,35.134,0.09799999999999999,167.60999999999999,58.708,56.608,0.261,106.453,100.403,94.305,105.428
377,1733991826.6185493,167.94899999999998,39.217,37.744,0.16399999999999998,201.46599999999998,31.334999999999997,30.148,0.008,184.35,36.278999999999996,35.134,0.09799999999999999,167.60999999999999,58.708,56.608,0.261,106.453,100.403,94.305,105.428
378,1733991826.7107859,184.69899999999998,39.094,37.753,0.163,184.719,30.942,29.886,0.008,201.143,36.28,35.134,0.09799999999999999,167.94199999999998,58.702999999999996,56.608,0.261,106.45,100.385,94.265,105.45700000000001
379,1733991826.7195318,184.69899999999998,39.094,37.753,0.163,184.719,30.942,29.886,0.008,201.143,36.28,35.134,0.09799999999999999,167.94199999999998,58.702999999999996,56.608,0.261,106.45,100.385,94.265,105.45700000000001
380,1733991826.8115878,184.69899999999998,39.094,37.753,0.163,184.719,30.942,29.886,0.008,201.143,36.28,35.134,0.09799999999999999,167.94199999999998,58.702999999999996,56.608,0.261,106.42,100.374,94.241,105.47200000000001
381,1733991826.8206038,184.69899999999998,39.094,37.753,0.163,184.719,30.942,29.886,0.008,201.143,36.28,35.134,0.09799999999999999,167.94199999999998,58.702999999999996,56.608,0.261,106.42,100.374,94.241,105.47200000000001
382,1733991826.9123788,184.69899999999998,39.094,37.753,0.163,184.719,30.942,29.886,0.008,201.143,36.28,35.134,0.09799999999999999,167.94199999999998,58.702999999999996,56.608,0.261,106.465,100.358,94.217,105.502
383,1733991826.92185,184.69899999999998,39.094,37.753,0.163,184.719,30.942,29.886,0.008,201.143,36.28,35.134,0.09799999999999999,167.94199999999998,58.702999999999996,56.608,0.261,106.465,100.358,94.217,105.502
384,1733991827.0131643,184.69899999999998,39.094,37.753,0.163,184.719,30.942,29.886,0.008,201.143,36.28,35.134,0.09799999999999999,167.94199999999998,58.702999999999996,56.608,0.261,106.524,100.358,94.212,105.496
385,1733991827.0232873,184.69899999999998,39.094,37.753,0.163,184.719,30.942,29.886,0.008,201.143,36.28,35.134,0.09799999999999999,167.94199999999998,58.702999999999996,56.608,0.261,106.524,100.358,94.212,105.496
386,1733991827.11396,184.69899999999998,39.094,37.753,0.163,184.719,30.942,29.886,0.008,201.143,36.28,35.134,0.09799999999999999,167.94199999999998,58.702999999999996,56.608,0.261,106.55,100.31400000000001,94.238,105.465
387,1733991827.1247544,184.69899999999998,39.094,37.753,0.163,184.719,30.942,29.886,0.008,201.143,36.28,35.134,0.09799999999999999,167.94199999999998,58.702999999999996,56.608,0.261,106.55,100.31400000000001,94.238,105.465
388,1733991827.2147477,184.69899999999998,39.094,37.753,0.163,184.719,30.942,29.886,0.008,201.143,36.28,35.134,0.09799999999999999,167.94199999999998,58.702999999999996,56.608,0.261,106.525,100.342,94.227,105.47500000000001
389,1733991827.2256496,184.69899999999998,39.094,37.753,0.163,184.719,30.942,29.886,0.008,201.143,36.28,35.134,0.09799999999999999,167.94199999999998,58.702999999999996,56.608,0.261,106.525,100.342,94.227,105.47500000000001
390,1733991827.3155746,184.69899999999998,39.094,37.753,0.163,184.719,30.942,29.886,0.008,201.143,36.28,35.134,0.09799999999999999,167.94199999999998,58.702999999999996,56.608,0.261,106.559,100.364,94.253,105.503
391,1733991827.326591,184.69899999999998,39.094,37.753,0.163,184.719,30.942,29.886,0.008,201.143,36.28,35.134,0.09799999999999999,167.94199999999998,58.702999999999996,56.608,0.261,106.559,100.364,94.253,105.503
392,1733991827.4163563,184.69899999999998,39.094,37.753,0.163,184.719,30.942,29.886,0.008,201.143,36.28,35.134,0.09799999999999999,167.94199999999998,58.702999999999996,56.608,0.261,106.57900000000001,100.348,94.27,105.533
393,1733991827.42756,184.69899999999998,39.094,37.753,0.163,184.719,30.942,29.886,0.008,201.143,36.28,35.134,0.09799999999999999,167.94199999999998,58.702999999999996,56.608,0.261,106.57900000000001,100.348,94.27,105.533
394,1733991827.5171535,184.69899999999998,39.094,37.753,0.163,184.719,30.942,29.886,0.008,201.143,36.28,35.134,0.09799999999999999,167.94199999999998,58.702999999999996,56.608,0.261,106.57600000000001,100.36500000000001,94.27,105.527
395,1733991827.5283518,184.69899999999998,39.094,37.753,0.163,184.719,30.942,29.886,0.008,201.143,36.28,35.134,0.09799999999999999,167.94199999999998,58.702999999999996,56.608,0.261,106.57600000000001,100.36500000000001,94.282,105.527
396,1733991827.617932,184.69899999999998,39.094,37.753,0.163,184.719,30.942,29.886,0.008,201.143,36.28,35.134,0.09799999999999999,167.94199999999998,58.702999999999996,56.608,0.261,106.59700000000001,100.35300000000001,94.282,105.534
397,1733991827.6291528,184.69899999999998,39.094,37.753,0.163,184.719,30.942,29.886,0.008,201.143,36.28,35.134,0.09799999999999999,167.94199999999998,58.702999999999996,56.608,0.261,106.59700000000001,100.35300000000001,94.298,105.534
398,1733991827.7238326,184.379,39.064,37.753,0.13,201.469,30.941,29.886,0.008,184.721,36.269,35.123,0.09799999999999999,167.602,56.672999999999995,54.513,0.327,106.57000000000001,100.32300000000001,94.301,105.541
399,1733991827.7299626,184.379,39.064,37.753,0.13,201.469,30.941,29.886,0.008,184.721,36.269,35.123,0.09799999999999999,167.602,56.672999999999995,54.513,0.327,106.57000000000001,100.32300000000001,94.301,105.541
400,1733991827.8258755,184.379,39.064,37.753,0.13,201.469,30.941,29.886,0.008,184.721,36.269,35.123,0.09799999999999999,167.602,56.672999999999995,54.513,0.327,106.527,100.305,94.325,105.57000000000001
401,1733991827.8307698,184.379,39.064,37.753,0.13,201.469,30.941,29.886,0.008,184.721,36.269,35.123,0.09799999999999999,167.602,56.672999999999995,54.513,0.327,106.527,100.305,94.325,105.57000000000001
402,1733991827.928709,184.379,39.064,37.753,0.13,201.469,30.941,29.886,0.008,184.721,36.269,35.123,0.09799999999999999,167.602,56.672999999999995,54.513,0.327,106.549,100.284,94.33,105.596
403,1733991827.9316046,184.379,39.064,37.753,0.13,201.469,30.941,29.886,0.008,184.721,36.269,35.123,0.09799999999999999,167.602,56.672999999999995,54.513,0.327,106.549,100.284,94.33,105.596
404,1733991828.031765,184.379,39.064,37.753,0.13,201.469,30.941,29.886,0.008,184.721,36.269,35.123,0.09799999999999999,167.602,56.672999999999995,54.513,0.327,106.509,100.292,94.32300000000001,105.666
405,1733991828.0337496,184.379,39.064,37.753,0.13,201.469,30.941,29.886,0.008,184.721,36.269,35.123,0.09799999999999999,167.602,56.672999999999995,54.513,0.327,106.509,100.292,94.32300000000001,105.666
406,1733991828.13435,184.379,39.064,37.753,0.13,201.469,30.941,29.886,0.008,184.721,36.269,35.123,0.09799999999999999,167.602,56.672999999999995,54.513,0.327,106.504,100.301,94.322,105.672
407,1733991828.1360965,184.379,39.064,37.753,0.13,201.469,30.941,29.886,0.008,184.721,36.269,35.123,0.09799999999999999,167.602,56.672999999999995,54.513,0.327,106.504,100.301,94.322,105.672
408,1733991828.2359526,184.379,39.064,37.753,0.13,201.469,30.941,29.886,0.008,184.721,36.269,35.123,0.09799999999999999,167.602,56.672999999999995,54.513,0.327,106.502,100.262,94.308,105.63
409,1733991828.237118,184.379,39.064,37.753,0.13,201.469,30.941,29.886,0.008,184.721,36.269,35.123,0.09799999999999999,167.602,56.672999999999995,54.513,0.327,106.502,100.262,94.308,105.63
410,1733991828.336985,184.379,39.064,37.753,0.13,201.469,30.941,29.886,0.008,184.721,36.269,35.123,0.09799999999999999,167.602,56.672999999999995,54.513,0.327,106.46900000000001,100.226,94.264,105.663
411,1733991828.3388782,184.379,39.064,37.753,0.13,201.469,30.941,29.886,0.008,184.721,36.269,35.123,0.09799999999999999,167.602,56.672999999999995,54.513,0.327,106.46900000000001,100.226,94.264,105.663
412,1733991828.4377327,184.379,39.064,37.753,0.13,201.469,30.941,29.886,0.008,184.721,36.269,35.123,0.09799999999999999,167.602,56.672999999999995,54.513,0.327,106.458,100.22500000000001,94.268,105.665
413,1733991828.4413643,184.379,39.064,37.753,0.13,201.469,30.941,29.886,0.008,184.721,36.269,35.123,0.09799999999999999,167.602,56.672999999999995,54.513,0.327,106.458,100.22500000000001,94.268,105.665
414,1733991828.5384922,184.379,39.064,37.753,0.13,201.469,30.941,29.886,0.008,184.721,36.269,35.123,0.09799999999999999,167.602,56.672999999999995,54.513,0.327,106.497,100.22200000000001,94.276,105.676
415,1733991828.5430272,184.379,39.064,37.753,0.13,201.469,30.941,29.886,0.008,184.721,36.269,35.123,0.09799999999999999,167.602,56.672999999999995,54.513,0.327,106.497,100.22200000000001,94.276,105.676
416,1733991828.6392598,184.379,39.064,37.753,0.13,201.469,30.941,29.886,0.008,184.721,36.269,35.123,0.09799999999999999,167.602,56.672999999999995,54.513,0.327,106.507,100.25,94.31,105.663
417,1733991828.6444495,184.379,39.064,37.753,0.13,201.469,30.941,29.886,0.008,184.721,36.269,35.123,0.09799999999999999,167.602,56.672999999999995,54.513,0.327,106.507,100.25,94.31,105.663
