[
    {
        "model": "wbaccounting.bookingentry",
        "pk": 1,
        "fields": {
            "resolved": false,
            "title": "Test Booking Entry 1",
            "booking_date": "2023-12-14",
            "accrual_date": null,
            "resolved_date": null,
            "from_date": null,
            "to_date": null,
            "gross_value": "3846.1538",
            "net_value": "4000.0000",
            "vat": "0.0400",
            "currency": 4,
            "invoice": 1,
            "counterparty": 13,
            "main_booking_entry": null,
            "related_data": {},
            "calculated_value": null,
            "reference_date": "2023-12-14"
        }
    },
    {
        "model": "wbaccounting.bookingentry",
        "pk": 2,
        "fields": {
            "resolved": false,
            "title": "Test Booking Entry 2",
            "booking_date": "2023-12-14",
            "accrual_date": null,
            "resolved_date": null,
            "from_date": null,
            "to_date": null,
            "gross_value": "466.4571",
            "net_value": "489.7800",
            "vat": "0.0500",
            "currency": 4,
            "invoice": 3,
            "counterparty": 10,
            "main_booking_entry": null,
            "related_data": {},
            "calculated_value": null,
            "reference_date": "2023-12-14"
        }
    },
    {
        "model": "wbaccounting.bookingentry",
        "pk": 3,
        "fields": {
            "resolved": false,
            "title": "Test Booking Entry 3",
            "booking_date": "2023-12-14",
            "accrual_date": null,
            "resolved_date": null,
            "from_date": null,
            "to_date": null,
            "gross_value": "761.9706",
            "net_value": "777.2100",
            "vat": "0.0200",
            "currency": 4,
            "invoice": 2,
            "counterparty": 21,
            "main_booking_entry": null,
            "related_data": {},
            "calculated_value": null,
            "reference_date": "2023-12-14"
        }
    },
    {
        "model": "wbaccounting.bookingentry",
        "pk": 4,
        "fields": {
            "resolved": false,
            "title": "Test Booking Entry 4",
            "booking_date": "2023-12-14",
            "accrual_date": null,
            "resolved_date": null,
            "from_date": null,
            "to_date": null,
            "gross_value": "1088.6636",
            "net_value": "1164.8700",
            "vat": "0.0700",
            "currency": 45,
            "invoice": 2,
            "counterparty": 10,
            "main_booking_entry": null,
            "related_data": {},
            "calculated_value": null,
            "reference_date": "2023-12-14"
        }
    },
    {
        "model": "wbaccounting.invoice",
        "pk": 1,
        "fields": {
            "status": "DRAFT",
            "resolved": false,
            "title": "Test Invoice",
            "invoice_date": "2023-11-28",
            "invoice_currency": 45,
            "counterparty": 9,
            "text_above": "<p>Hello</p>",
            "text_below": "<p>World</p>",
            "is_counterparty_invoice": false,
            "type": 1,
            "reference_date": "2023-12-14",
            "gross_value": "7803.7903",
            "net_value": "8115.9420"
        }
    },
    {
        "model": "wbaccounting.invoice",
        "pk": 2,
        "fields": {
            "status": "DRAFT",
            "resolved": false,
            "title": "Test Invoice 2",
            "invoice_date": "2023-12-14",
            "invoice_currency": 4,
            "counterparty": 11,
            "text_above": null,
            "text_below": null,
            "is_counterparty_invoice": false,
            "type": 1,
            "reference_date": "2023-12-15",
            "gross_value": "1298.5262",
            "net_value": "1351.3245"
        }
    },
    {
        "model": "wbaccounting.invoice",
        "pk": 3,
        "fields": {
            "status": "DRAFT",
            "resolved": false,
            "title": "Test Invoice 3",
            "invoice_date": "2023-12-14",
            "invoice_currency": 45,
            "counterparty": 12,
            "text_above": null,
            "text_below": null,
            "is_counterparty_invoice": false,
            "type": 2,
            "reference_date": "2023-12-14",
            "gross_value": "946.4347",
            "net_value": "993.7565"
        }
    },
    {
        "model": "wbaccounting.invoicetype",
        "pk": 1,
        "fields": {
            "name": "Test Type",
            "slugify_name": "test type",
            "processor": null
        }
    },
    {
        "model": "wbaccounting.invoicetype",
        "pk": 2,
        "fields": {
            "name": "Test Type 2",
            "slugify_name": "test type 2",
            "processor": null
        }
    },
    {
        "model": "currency.currencyfxrates",
        "pk": 1,
        "fields": {
            "import_source": null,
            "date": "2023-12-12",
            "currency": 2,
            "value": "0.200000"
        }
    },
    {
        "model": "currency.currencyfxrates",
        "pk": 2,
        "fields": {
            "import_source": null,
            "date": "2023-12-12",
            "currency": 45,
            "value": "1.400000"
        }
    },
    {
        "model": "currency.currencyfxrates",
        "pk": 3,
        "fields": {
            "import_source": null,
            "date": "2023-12-12",
            "currency": 4,
            "value": "0.690000"
        }
    },
    {
        "model": "workflow.transition",
        "pk": 2,
        "fields": {
            "name": "Submit",
            "from_step": 3,
            "to_step": 4,
            "icon": "send"
        }
    },
    {
        "model": "workflow.transition",
        "pk": 3,
        "fields": {
            "name": "Abort",
            "from_step": 3,
            "to_step": 5,
            "icon": "cancel"
        }
    },
    {
        "model": "workflow.transition",
        "pk": 14,
        "fields": {
            "name": "Start Workflow",
            "from_step": 15,
            "to_step": 3,
            "icon": "start"
        }
    },
    {
        "model": "workflow.transition",
        "pk": 21,
        "fields": {
            "name": "Send To Customer",
            "from_step": 18,
            "to_step": 19,
            "icon": "forward_to_inbox"
        }
    },
    {
        "model": "workflow.transition",
        "pk": 22,
        "fields": {
            "name": "Send To Accountant",
            "from_step": 18,
            "to_step": 16,
            "icon": "forward_to_inbox"
        }
    },
    {
        "model": "workflow.transition",
        "pk": 24,
        "fields": {
            "name": "Join Accountant",
            "from_step": 16,
            "to_step": 20,
            "icon": "merge"
        }
    },
    {
        "model": "workflow.transition",
        "pk": 25,
        "fields": {
            "name": "Join Customer",
            "from_step": 19,
            "to_step": 20,
            "icon": "merge"
        }
    },
    {
        "model": "workflow.transition",
        "pk": 27,
        "fields": {
            "name": "Approve",
            "from_step": 4,
            "to_step": 21,
            "icon": "thumb_up_alt"
        }
    },
    {
        "model": "workflow.transition",
        "pk": 28,
        "fields": {
            "name": "Send",
            "from_step": 21,
            "to_step": 18,
            "icon": "forward_to_inbox"
        }
    },
    {
        "model": "workflow.transition",
        "pk": 29,
        "fields": {
            "name": "Pay",
            "from_step": 22,
            "to_step": 10,
            "icon": "request_quote"
        }
    },
    {
        "model": "workflow.transition",
        "pk": 30,
        "fields": {
            "name": "Send",
            "from_step": 20,
            "to_step": 22,
            "icon": "forward_to_inbox"
        }
    },
    {
        "model": "workflow.transition",
        "pk": 31,
        "fields": {
            "name": "Deny",
            "from_step": 4,
            "to_step": 3,
            "icon": "thumb_down_alt"
        }
    },
    {
        "model": "workflow.transition",
        "pk": 32,
        "fields": {
            "name": "Cancel",
            "from_step": 4,
            "to_step": 5,
            "icon": "cancel"
        }
    },
    {
        "model": "workflow.step",
        "pk": 3,
        "fields": {
            "name": "Draft",
            "workflow": 1,
            "code": 2,
            "status": "DRAFT",
            "step_type": "UserStep",
            "permission": null
        }
    },
    {
        "model": "workflow.step",
        "pk": 4,
        "fields": {
            "name": "Submitted",
            "workflow": 1,
            "code": 3,
            "status": "SUBMITTED",
            "step_type": "UserStep",
            "permission": 462
        }
    },
    {
        "model": "workflow.step",
        "pk": 5,
        "fields": {
            "name": "Cancelled",
            "workflow": 1,
            "code": 4,
            "status": "CANCELLED",
            "step_type": "FinishStep",
            "permission": null
        }
    },
    {
        "model": "workflow.step",
        "pk": 10,
        "fields": {
            "name": "Paid",
            "workflow": 1,
            "code": 11,
            "status": "PAID",
            "step_type": "FinishStep",
            "permission": null
        }
    },
    {
        "model": "workflow.step",
        "pk": 15,
        "fields": {
            "name": "Start",
            "workflow": 1,
            "code": 1,
            "status": "DRAFT",
            "step_type": "StartStep",
            "permission": null
        }
    },
    {
        "model": "workflow.step",
        "pk": 16,
        "fields": {
            "name": "Sent To Accountant",
            "workflow": 1,
            "code": 8,
            "status": "APPROVED",
            "step_type": "EmailStep",
            "permission": null
        }
    },
    {
        "model": "workflow.step",
        "pk": 18,
        "fields": {
            "name": "Split",
            "workflow": 1,
            "code": 6,
            "status": "APPROVED",
            "step_type": "SplitStep",
            "permission": null
        }
    },
    {
        "model": "workflow.step",
        "pk": 19,
        "fields": {
            "name": "Sent To Customer",
            "workflow": 1,
            "code": 7,
            "status": "APPROVED",
            "step_type": "EmailStep",
            "permission": null
        }
    },
    {
        "model": "workflow.step",
        "pk": 20,
        "fields": {
            "name": "Join",
            "workflow": 1,
            "code": 9,
            "status": "APPROVED",
            "step_type": "JoinStep",
            "permission": null
        }
    },
    {
        "model": "workflow.step",
        "pk": 21,
        "fields": {
            "name": "Approved",
            "workflow": 1,
            "code": 5,
            "status": "APPROVED",
            "step_type": "UserStep",
            "permission": null
        }
    },
    {
        "model": "workflow.step",
        "pk": 22,
        "fields": {
            "name": "Sent",
            "workflow": 1,
            "code": 10,
            "status": "SENT",
            "step_type": "UserStep",
            "permission": null
        }
    },
    {
        "model": "workflow.startstep",
        "pk": 15,
        "fields": {}
    },
    {
        "model": "workflow.userstep",
        "pk": 3,
        "fields": {
            "assignee": 1,
            "notify_user": false,
            "group": null,
            "assignee_method": null,
            "display": null,
            "kwargs": null
        }
    },
    {
        "model": "workflow.userstep",
        "pk": 4,
        "fields": {
            "assignee": 1,
            "notify_user": true,
            "group": null,
            "assignee_method": null,
            "display": null,
            "kwargs": null
        }
    },
    {
        "model": "workflow.userstep",
        "pk": 21,
        "fields": {
            "assignee": 1,
            "notify_user": true,
            "group": null,
            "assignee_method": null,
            "display": null,
            "kwargs": null
        }
    },
    {
        "model": "workflow.userstep",
        "pk": 22,
        "fields": {
            "assignee": 1,
            "notify_user": true,
            "group": null,
            "assignee_method": null,
            "display": null,
            "kwargs": null
        }
    },
    {
        "model": "workflow.splitstep",
        "pk": 18,
        "fields": {}
    },
    {
        "model": "workflow.joinstep",
        "pk": 20,
        "fields": {
            "wait_for_all": true
        }
    },
    {
        "model": "workflow.emailstep",
        "pk": 16,
        "fields": {
            "template": "workflow/templates/Test_Templates.txt/mail.txt",
            "subject": "1. Mail",
            "to": [
                2
            ],
            "cc": [],
            "bcc": []
        }
    },
    {
        "model": "workflow.emailstep",
        "pk": 19,
        "fields": {
            "template": "workflow/templates/Test_Templates.txt/mail.txt",
            "subject": "2. Mail",
            "to": [
                38
            ],
            "cc": [],
            "bcc": []
        }
    },
    {
        "model": "workflow.finishstep",
        "pk": 5,
        "fields": {
            "write_preserved_instance": false
        }
    },
    {
        "model": "workflow.finishstep",
        "pk": 10,
        "fields": {
            "write_preserved_instance": false
        }
    },
    {
        "model": "workflow.workflow",
        "pk": 1,
        "fields": {
            "name": "Invoice Workflow",
            "single_instance_execution": true,
            "model": 91,
            "status_field": "status",
            "preserve_instance": false,
            "graph": "workflow_graph"
        }
    }
]
